id,first_name,last_name,email,gender,country,street
1,Reinold,Easom,reasom0@seesaa.net,Male,United States,6660
2,Guntar,Esche,gesche1@google.com.br,Male,Argentina,98016
3,Wernher,Mingauld,wmingauld2@wikimedia.org,Male,Czech Republic,1543
4,Vladamir,Retchford,vretchford3@soundcloud.com,Male,Indonesia,965
5,Godart,Tynewell,gtynewell4@prnewswire.com,Male,Spain,6
6,Erika,Mumbray,emumbray5@mysql.com,Female,China,4481
7,Case,Bullough,cbullough6@acquirethisname.com,Male,China,33
8,Reg,Balsom,rbalsom7@foxnews.com,Male,Sweden,75124
9,Homer,Husbands,hhusbands8@ask.com,Male,Mexico,41424
10,Charil,Fishenden,cfishenden9@shareasale.com,Female,Indonesia,87627
11,Wandie,Swindle,wswindlea@ebay.com,Female,United States,191
12,Audry,Adelman,aadelmanb@dyndns.org,Female,Philippines,430
13,Robert,Straine,rstrainec@telegraph.co.uk,Male,Brazil,49674
14,Friederike,Faulconer,ffaulconerd@noaa.gov,Female,Peru,822
15,Cam,Tapton,ctaptone@wordpress.com,Male,China,96537
16,Forest,Southerns,fsouthernsf@blogs.com,Male,Spain,73940
17,Arabela,Gibbs,agibbsg@people.com.cn,Female,Indonesia,88
18,Camellia,Redington,credingtonh@disqus.com,Female,Japan,954
19,Frannie,Harses,fharsesi@answers.com,Female,Sweden,420
20,Graig,Cockings,gcockingsj@cyberchimps.com,Male,Peru,3499
21,Evie,Acreman,eacremank@360.cn,Female,China,8113
22,Sioux,Symmers,ssymmersl@nature.com,Female,Russia,30454
23,Farra,Gavrieli,fgavrielim@exblog.jp,Female,Russia,7439
24,Katrinka,Calcut,kcalcutn@boston.com,Female,China,38
25,Rhys,Rudman,rrudmano@alexa.com,Male,Russia,9
26,Adolf,Chestnutt,achestnuttp@mysql.com,Male,China,85
27,Stanley,Skelly,sskellyq@howstuffworks.com,Male,Indonesia,1
28,Madalyn,Rachuig,mrachuigr@plala.or.jp,Female,China,45347
29,Faulkner,Wooster,fwoosters@dropbox.com,Male,Poland,36
30,Lissi,Prestidge,lprestidget@bravesites.com,Female,Sweden,8
31,Darline,Winson,dwinsonu@cam.ac.uk,Female,Poland,2296
32,Barnie,Sumnall,bsumnallv@utexas.edu,Male,Indonesia,91
33,Stewart,Till,stillw@cdc.gov,Male,Indonesia,8
34,Mort,Stanesby,mstanesbyx@usatoday.com,Male,Indonesia,7866
35,Amanda,Hallex,ahallexy@jiathis.com,Female,Russia,653
36,Tucky,Chatelet,tchateletz@youtu.be,Male,Indonesia,78090
37,Ferdinand,Screech,fscreech10@list-manage.com,Male,Russia,7663
38,Mayne,Oade,moade11@studiopress.com,Male,Greece,8749
39,Tommie,Toxell,ttoxell12@time.com,Male,France,29
40,Abigale,Leversha,aleversha13@wix.com,Female,Belize,41
41,Pattie,Tousey,ptousey14@businessweek.com,Female,France,9
42,Stesha,Tamburi,stamburi15@hexun.com,Female,Belize,85952
43,Ruthy,McRorie,rmcrorie16@bloglines.com,Female,Peru,942
44,Merl,Pember,mpember17@dell.com,Female,China,842
45,Ashley,Friman,afriman18@wikipedia.org,Female,China,90283
46,Julius,Mulcahy,jmulcahy19@mtv.com,Male,Japan,34931
47,Austen,Wakerley,awakerley1a@narod.ru,Male,France,53912
48,Ronny,Rowlings,rrowlings1b@slideshare.net,Female,Brazil,63206
49,Ewell,Kaye,ekaye1c@edublogs.org,Male,Colombia,57873
50,Ozzy,Pawlaczyk,opawlaczyk1d@cbsnews.com,Male,Indonesia,4
51,Emogene,Riddett,eriddett1e@about.com,Female,China,5017
52,Ameline,Boocock,aboocock1f@reddit.com,Female,Portugal,6956
53,Wallie,Skerme,wskerme1g@boston.com,Male,Philippines,12512
54,Eimile,Newburn,enewburn1h@moonfruit.com,Female,China,840
55,Ricki,Pimm,rpimm1i@sourceforge.net,Male,China,1049
56,Karissa,Gever,kgever1j@ehow.com,Female,Portugal,55
57,Marne,Enoch,menoch1k@go.com,Female,Latvia,8
58,Charin,Kynoch,ckynoch1l@theglobeandmail.com,Female,Egypt,3470
59,Paulette,Rens,prens1m@goo.gl,Female,China,68402
60,Hercules,Loy,hloy1n@ning.com,Male,Czech Republic,135
61,Martica,Cossins,mcossins1o@symantec.com,Female,Bulgaria,37276
62,Zita,Triggs,ztriggs1p@utexas.edu,Female,France,9
63,Briano,Shepcutt,bshepcutt1q@apache.org,Male,China,67084
64,Joya,Sevior,jsevior1r@uiuc.edu,Female,Italy,6044
65,Hanson,Gavin,hgavin1s@github.com,Male,Portugal,1
66,Micaela,Gavrieli,mgavrieli1t@aol.com,Female,Nigeria,22
67,Shem,Langfield,slangfield1u@bizjournals.com,Male,South Korea,728
68,Gauthier,Powe,gpowe1v@nasa.gov,Male,China,890
69,Sharleen,Bartke,sbartke1w@bloglines.com,Female,Vietnam,2
70,Jerald,Firminger,jfirminger1x@intel.com,Male,Argentina,2
71,Meris,Fassam,mfassam1y@seattletimes.com,Female,Greece,13597
72,Lynnette,Dikels,ldikels1z@newsvine.com,Female,Afghanistan,686
73,Kaycee,Caswall,kcaswall20@alexa.com,Female,Poland,78
74,Rube,Petre,rpetre21@mtv.com,Male,Uganda,2551
75,Sibylle,Pitts,spitts22@sciencedaily.com,Female,China,1713
76,Mathian,Wasiel,mwasiel23@sitemeter.com,Male,Ukraine,71
77,Brear,Chisnall,bchisnall24@time.com,Female,Poland,8
78,Rickard,Blaxton,rblaxton25@fda.gov,Male,Argentina,242
79,Wilton,Teulier,wteulier26@telegraph.co.uk,Male,Macedonia,8
80,Alix,Kinnerk,akinnerk27@blogs.com,Female,France,65
81,Ellsworth,Madine,emadine28@patch.com,Male,Brazil,387
82,Garik,Deener,gdeener29@bing.com,Male,Sweden,5
83,Natasha,Poynter,npoynter2a@fotki.com,Female,New Zealand,68281
84,Burtie,Ozintsev,bozintsev2b@addtoany.com,Male,Russia,343
85,Sam,Breston,sbreston2c@wunderground.com,Male,Tajikistan,94
86,Gabbey,Aspin,gaspin2d@java.com,Female,Kenya,89
87,Arturo,Fayers,afayers2e@washington.edu,Male,Philippines,192
88,Falito,Altham,faltham2f@apple.com,Male,Indonesia,50989
89,Haley,Purrier,hpurrier2g@infoseek.co.jp,Male,Mexico,670
90,Petronia,Searson,psearson2h@vk.com,Female,Chile,2822
91,Dell,MacPaike,dmacpaike2i@tmall.com,Male,China,1782
92,Maison,Turpin,mturpin2j@blinklist.com,Male,Iran,9493
93,Cariotta,Fernihough,cfernihough2k@example.com,Female,Indonesia,483
94,Lezley,Triner,ltriner2l@bizjournals.com,Male,China,1996
95,Ferne,Growcott,fgrowcott2m@google.fr,Female,Mexico,128
96,Eula,Slorach,eslorach2n@blogspot.com,Female,United States,3
97,Virgilio,Trevaskus,vtrevaskus2o@csmonitor.com,Male,Philippines,7533
98,Efren,Symons,esymons2p@hexun.com,Male,Poland,47215
99,Preston,Hurd,phurd2q@miibeian.gov.cn,Male,Philippines,484
100,Niven,Gilbride,ngilbride2r@answers.com,Male,Indonesia,9
101,Gayelord,Segges,gsegges2s@bravesites.com,Male,Luxembourg,91
102,Veronique,Tunnoch,vtunnoch2t@uiuc.edu,Female,Russia,98078
103,Sherye,Filipowicz,sfilipowicz2u@4shared.com,Female,France,21146
104,Neda,Ossulton,nossulton2v@fema.gov,Female,China,82139
105,Annnora,Smaleman,asmaleman2w@paypal.com,Female,Libya,29
106,Carmel,Dallimore,cdallimore2x@godaddy.com,Female,Brazil,423
107,Harcourt,Wrennall,hwrennall2y@imdb.com,Male,Vietnam,76
108,Wat,Leatherbarrow,wleatherbarrow2z@ask.com,Male,China,43
109,Jillie,Ivkovic,jivkovic30@lycos.com,Female,Poland,3400
110,Keefer,Cleobury,kcleobury31@skype.com,Male,Russia,218
111,Almeta,Rigg,arigg32@columbia.edu,Female,Peru,803
112,Mathew,Howarth,mhowarth33@nps.gov,Male,Russia,89
113,Tami,Spinney,tspinney34@ezinearticles.com,Female,South Africa,4
114,Lemmie,Volk,lvolk35@addthis.com,Male,Colombia,90
115,Evania,Kenyon,ekenyon36@accuweather.com,Female,China,1945
116,Torey,Goodey,tgoodey37@bbc.co.uk,Male,Philippines,29111
117,Averill,Kobera,akobera38@webeden.co.uk,Male,Indonesia,802
118,Betti,Normant,bnormant39@mit.edu,Female,Peru,169
119,Parry,Insko,pinsko3a@businesswire.com,Male,Bolivia,8822
120,Rafferty,Bellie,rbellie3b@netvibes.com,Male,Poland,7
121,Brnaby,O'Grada,bograda3c@acquirethisname.com,Male,China,9854
122,Catina,Aldcorn,caldcorn3d@home.pl,Female,China,7322
123,Angelika,Berling,aberling3e@mac.com,Female,Estonia,1
124,Griff,Bremond,gbremond3f@bandcamp.com,Male,Yemen,39302
125,Madeline,Jerwood,mjerwood3g@patch.com,Female,Central African Republic,79113
126,Adair,Scollard,ascollard3h@tuttocitta.it,Male,Tunisia,63
127,Garland,Hache,ghache3i@google.ru,Female,Poland,4
128,Valaree,Philippeaux,vphilippeaux3j@pagesperso-orange.fr,Female,Georgia,64
129,Rosa,Trout,rtrout3k@rakuten.co.jp,Female,Russia,79
130,Sidonia,Fromant,sfromant3l@addthis.com,Female,Sudan,54349
131,Bogey,Esseby,besseby3m@spotify.com,Male,Portugal,38137
132,Michaeline,Eslinger,meslinger3n@photobucket.com,Female,Pakistan,6
133,Kiri,Dougharty,kdougharty3o@newsvine.com,Female,France,390
134,Yulma,Matteucci,ymatteucci3p@reddit.com,Male,Belarus,89452
135,Elyse,Bolens,ebolens3q@china.com.cn,Female,Sweden,85906
136,Maisie,Snozzwell,msnozzwell3r@jiathis.com,Female,Estonia,994
137,Lillis,Dartnall,ldartnall3s@china.com.cn,Female,United States,318
138,Henrietta,Opdenorth,hopdenorth3t@mayoclinic.com,Female,China,57233
139,Duncan,Bertl,dbertl3u@hatena.ne.jp,Male,China,1450
140,Livvy,Scorrer,lscorrer3v@latimes.com,Female,Russia,9
141,Rheta,Iacovo,riacovo3w@census.gov,Female,Portugal,8
142,Gaylord,Loud,gloud3x@washingtonpost.com,Male,United States,7
143,Mata,Sprowson,msprowson3y@phoca.cz,Male,Czech Republic,62693
144,Francyne,Rimmington,frimmington3z@noaa.gov,Female,France,411
145,Georgie,Ortega,gortega40@facebook.com,Male,Brazil,9451
146,Wallache,Bagguley,wbagguley41@naver.com,Male,Philippines,0
147,Odella,Throssell,othrossell42@merriam-webster.com,Female,Latvia,2
148,Wilmette,Bennett,wbennett43@google.es,Female,Albania,29
149,Farlay,Geely,fgeely44@fc2.com,Male,Indonesia,378
150,Inglis,Mil,imil45@nih.gov,Male,China,3335
151,Christa,Boddy,cboddy46@e-recht24.de,Female,Australia,67040
152,Matt,Whalebelly,mwhalebelly47@wordpress.com,Male,Sweden,46732
153,Codee,Boissier,cboissier48@csmonitor.com,Female,Tajikistan,833
154,Stanislas,Boutellier,sboutellier49@cornell.edu,Male,Colombia,28778
155,Luelle,Motte,lmotte4a@google.cn,Female,Tunisia,60
156,Dewitt,Steketee,dsteketee4b@squarespace.com,Male,Indonesia,1802
157,Hamil,Madgewick,hmadgewick4c@comsenz.com,Male,China,8
158,Archie,Delf,adelf4d@hud.gov,Male,Tanzania,7332
159,Yves,Pitcaithly,ypitcaithly4e@squidoo.com,Male,Indonesia,7
160,Constantia,Bloomer,cbloomer4f@nba.com,Female,China,0
161,Jere,De Avenell,jdeavenell4g@ibm.com,Female,Libya,15841
162,Mirna,McConnachie,mmcconnachie4h@uiuc.edu,Female,Kazakhstan,5983
163,Carr,Bergeon,cbergeon4i@netvibes.com,Male,Sweden,1880
164,Valerye,Champken,vchampken4j@imdb.com,Female,Moldova,356
165,Vittoria,Paulon,vpaulon4k@statcounter.com,Female,Turkmenistan,95
166,Dall,Kayser,dkayser4l@google.es,Male,France,5
167,Nicol,McKinty,nmckinty4m@tinyurl.com,Female,Indonesia,379
168,Hedwig,Plaskitt,hplaskitt4n@alexa.com,Female,China,4
169,Amargo,Thorneley,athorneley4o@youtu.be,Female,Poland,3
170,Wendall,Iremonger,wiremonger4p@cbsnews.com,Male,Thailand,6809
171,Roi,Bools,rbools4q@buzzfeed.com,Male,Japan,467
172,Tabatha,Regnard,tregnard4r@typepad.com,Female,Indonesia,14232
173,Dorise,Dubber,ddubber4s@unicef.org,Female,United States,78
174,Jozef,Anfonsi,janfonsi4t@theatlantic.com,Male,China,161
175,Ed,Sherburn,esherburn4u@php.net,Male,United States,885
176,Alwyn,Rockcliffe,arockcliffe4v@usa.gov,Male,Indonesia,88
177,Curran,Fall,cfall4w@domainmarket.com,Male,Netherlands,36528
178,Glenn,O'Kinedy,gokinedy4x@hc360.com,Female,Georgia,0
179,Kendal,Wasylkiewicz,kwasylkiewicz4y@gizmodo.com,Male,Guam,5808
180,Marlie,Steljes,msteljes4z@ycombinator.com,Female,Indonesia,5
181,Cristine,Di Meo,cdimeo50@mozilla.org,Female,Fiji,1431
182,Douglas,Benson,dbenson51@123-reg.co.uk,Male,Portugal,292
183,Dolli,Wiseman,dwiseman52@tinyurl.com,Female,Indonesia,634
184,Judon,Sheddan,jsheddan53@people.com.cn,Male,Portugal,5963
185,Timmie,Wallentin,twallentin54@skyrock.com,Male,Russia,15
186,Blinnie,Senechell,bsenechell55@globo.com,Female,Dominican Republic,206
187,Virginie,Filipson,vfilipson56@shutterfly.com,Female,Indonesia,327
188,Dore,Crocroft,dcrocroft57@prlog.org,Male,Sweden,1
189,Ginni,Beamiss,gbeamiss58@prweb.com,Female,China,5
190,Patin,Mallion,pmallion59@virginia.edu,Male,Ivory Coast,7211
191,Thain,Orpen,torpen5a@mysql.com,Male,Philippines,4
192,Eyde,Mayling,emayling5b@webeden.co.uk,Female,Vietnam,49649
193,Brendis,Yanyushkin,byanyushkin5c@who.int,Male,Philippines,80
194,Bennett,Basire,bbasire5d@si.edu,Male,China,6
195,Selle,Braunlein,sbraunlein5e@dropbox.com,Female,China,5
196,Zarah,Stovin,zstovin5f@domainmarket.com,Female,China,5740
197,Gerardo,Bullivent,gbullivent5g@ucla.edu,Male,China,967
198,Philip,Nayshe,pnayshe5h@umn.edu,Male,United States,83351
199,Tulley,Witheford,twitheford5i@cnet.com,Male,South Africa,24772
200,Demetra,Checchi,dchecchi5j@mapquest.com,Female,Philippines,41
201,Joanie,Terbeek,jterbeek5k@imdb.com,Female,United States,7848
202,Leon,Dutchburn,ldutchburn5l@pbs.org,Male,Belarus,24563
203,Jarrad,Kempster,jkempster5m@cdbaby.com,Male,Poland,50
204,Leigha,Camp,lcamp5n@google.pl,Female,Brazil,82254
205,Kimberli,Devonish,kdevonish5o@ehow.com,Female,China,93661
206,Burl,McFetrich,bmcfetrich5p@census.gov,Male,Indonesia,1284
207,Allan,Menchenton,amenchenton5q@theguardian.com,Male,Indonesia,3
208,Wildon,Hufton,whufton5r@webmd.com,Male,Czech Republic,817
209,Briggs,Woakes,bwoakes5s@ftc.gov,Male,Portugal,2
210,Shalom,Fayerbrother,sfayerbrother5t@google.com.hk,Male,Argentina,18
211,Peggy,Handasyde,phandasyde5u@army.mil,Female,China,89169
212,Judah,Ronchka,jronchka5v@hatena.ne.jp,Male,Yemen,72
213,Ursola,Persitt,upersitt5w@google.pl,Female,China,8
214,Flint,Wiskar,fwiskar5x@mail.ru,Male,China,2
215,Michel,Alexis,malexis5y@slideshare.net,Male,Poland,2348
216,Rolfe,Bruni,rbruni5z@howstuffworks.com,Male,Greece,9
217,Lorilee,Madrell,lmadrell60@forbes.com,Female,France,819
218,Emerson,Gregorace,egregorace61@printfriendly.com,Male,Mozambique,219
219,Anastasia,Densun,adensun62@zimbio.com,Female,Sweden,5318
220,Fredelia,Wyndham,fwyndham63@cmu.edu,Female,Indonesia,5
221,Marchall,Chessum,mchessum64@tumblr.com,Male,Sweden,122
222,Roxi,Aingell,raingell65@who.int,Female,Andorra,74598
223,Gay,Quarlis,gquarlis66@umn.edu,Male,Guatemala,714
224,Alberik,Minton,aminton67@fastcompany.com,Male,Poland,31
225,Ilka,Valentine,ivalentine68@e-recht24.de,Female,Belarus,8551
226,Edee,Furlonge,efurlonge69@whitehouse.gov,Female,Philippines,482
227,Hal,Klimczak,hklimczak6a@jiathis.com,Male,China,622
228,Junia,Roux,jroux6b@list-manage.com,Female,Sweden,70
229,Bryant,Shalcros,bshalcros6c@linkedin.com,Male,Malaysia,859
230,Creigh,Riccetti,criccetti6d@ning.com,Male,Indonesia,1
231,Alfie,Ablewhite,aablewhite6e@newyorker.com,Female,Sweden,31
232,Harriot,Furbank,hfurbank6f@scribd.com,Female,Poland,41305
233,Dasie,Grimstead,dgrimstead6g@gov.uk,Female,Spain,29
234,Orson,Rivallant,orivallant6h@bbc.co.uk,Male,Ireland,16110
235,Kellsie,Breagan,kbreagan6i@sbwire.com,Female,China,2046
236,Consuelo,Blanchard,cblanchard6j@sakura.ne.jp,Female,Armenia,76337
237,Caye,Pavett,cpavett6k@about.me,Female,China,84
238,Hillary,Brunsdon,hbrunsdon6l@gnu.org,Male,Indonesia,5252
239,Chloris,Lowin,clowin6m@vistaprint.com,Female,China,9
240,Phebe,Cellier,pcellier6n@myspace.com,Female,China,981
241,Eward,MacLise,emaclise6o@utexas.edu,Male,Indonesia,36764
242,Eleanore,Hallad,ehallad6p@weather.com,Female,Malaysia,689
243,Maybelle,Callan,mcallan6q@ezinearticles.com,Female,Poland,4
244,Finn,Schanke,fschanke6r@canalblog.com,Male,Rwanda,21776
245,Christian,Gerrans,cgerrans6s@loc.gov,Male,Philippines,930
246,Shawn,Studders,sstudders6t@yale.edu,Male,Russia,46612
247,Cornela,Fincham,cfincham6u@t.co,Female,Belarus,18
248,Benjamin,Rasp,brasp6v@artisteer.com,Male,Ukraine,36
249,Eveleen,Gherardini,egherardini6w@diigo.com,Female,South Korea,543
250,Kara-lynn,Hug,khug6x@ovh.net,Female,Malaysia,1407
251,Tiffie,O'Hannen,tohannen6y@paypal.com,Female,China,8
252,Nap,Manginot,nmanginot6z@mit.edu,Male,Bulgaria,2429
253,Glad,Hembry,ghembry70@elegantthemes.com,Female,Philippines,2
254,Rubia,Gorrie,rgorrie71@1und1.de,Female,Hungary,71899
255,Cara,Bayle,cbayle72@deviantart.com,Female,Indonesia,91580
256,Felike,Stearns,fstearns73@go.com,Male,Russia,6546
257,Tiphany,Dunaway,tdunaway74@constantcontact.com,Female,China,9689
258,Joyan,Olivia,jolivia75@geocities.com,Female,Portugal,957
259,Randie,Daniells,rdaniells76@reddit.com,Male,Rwanda,7
260,Sandi,Jardein,sjardein77@ow.ly,Female,Poland,7
261,Raynell,Kix,rkix78@answers.com,Female,Portugal,39
262,Kleon,O'Canavan,kocanavan79@phoca.cz,Male,France,1268
263,Ashton,Batistelli,abatistelli7a@indiatimes.com,Male,Portugal,33395
264,Kort,Bonder,kbonder7b@w3.org,Male,Peru,73461
265,Gerome,McAusland,gmcausland7c@istockphoto.com,Male,Portugal,2
266,Noe,Sealove,nsealove7d@geocities.jp,Male,United States,7225
267,Randolf,Petschelt,rpetschelt7e@abc.net.au,Male,Saint Vincent and the Grenadines,323
268,Lacie,Leither,lleither7f@smh.com.au,Female,France,27
269,Egon,Birth,ebirth7g@123-reg.co.uk,Male,Philippines,59658
270,Ynes,Ruddell,yruddell7h@netvibes.com,Female,South Korea,3775
271,Karmen,Hughlock,khughlock7i@trellian.com,Female,Peru,3834
272,Alwyn,McArte,amcarte7j@cargocollective.com,Male,United States,4371
273,Winny,Todhunter,wtodhunter7k@cisco.com,Female,Greece,99927
274,Riva,McGruar,rmcgruar7l@creativecommons.org,Female,China,774
275,Meg,Nutten,mnutten7m@reverbnation.com,Female,Colombia,569
276,Etan,Lesor,elesor7n@shareasale.com,Male,Indonesia,91
277,Rollin,Weaver,rweaver7o@microsoft.com,Male,France,1
278,Tabbie,Pynner,tpynner7p@uiuc.edu,Male,China,1457
279,Glenn,Sweeting,gsweeting7q@meetup.com,Female,China,54997
280,Rici,Mussetti,rmussetti7r@java.com,Female,China,9836
281,Patrick,Fernandes,pfernandes7s@yellowbook.com,Male,Slovenia,27
282,Tiff,Vidloc,tvidloc7t@ehow.com,Female,Poland,40851
283,Goldarina,Bilson,gbilson7u@umn.edu,Female,Iran,52
284,Giffy,Bollom,gbollom7v@lycos.com,Male,Malta,401
285,Marybeth,Brito,mbrito7w@nydailynews.com,Female,China,8
286,Dione,Aggett,daggett7x@springer.com,Female,Botswana,270
287,Emery,Stitson,estitson7y@people.com.cn,Male,France,6
288,Emlynne,Muzzini,emuzzini7z@bandcamp.com,Female,Guatemala,372
289,Othilie,Austin,oaustin80@boston.com,Female,Peru,8129
290,Raquela,Gardiner,rgardiner81@yolasite.com,Female,Russia,2824
291,Kara-lynn,Hagerty,khagerty82@issuu.com,Female,Mongolia,3153
292,Sinclair,Setterthwait,ssetterthwait83@bloglovin.com,Male,Indonesia,5612
293,Iver,Trudgian,itrudgian84@qq.com,Male,China,39846
294,Brynn,Caesman,bcaesman85@slashdot.org,Female,China,4
295,Erhard,Trodler,etrodler86@php.net,Male,Peru,0
296,Donelle,Highman,dhighman87@npr.org,Female,Portugal,45
297,Cortney,Volet,cvolet88@trellian.com,Female,Albania,6212
298,Yank,Dederich,ydederich89@examiner.com,Male,Indonesia,8
299,Winni,Sanders,wsanders8a@cbc.ca,Female,France,60
300,Edgar,Henrych,ehenrych8b@europa.eu,Male,Syria,0
301,Mickey,Mulvin,mmulvin8c@vinaora.com,Male,Cambodia,76335
302,Brnaba,Holtum,bholtum8d@imdb.com,Male,Guatemala,139
303,Jesselyn,Whittick,jwhittick8e@alexa.com,Female,Philippines,7363
304,Erie,Cuseck,ecuseck8f@netvibes.com,Male,China,88
305,Camella,Macveigh,cmacveigh8g@va.gov,Female,Japan,61080
306,Nettle,Willishire,nwillishire8h@oakley.com,Female,United States,4
307,Ahmed,MacHoste,amachoste8i@cbsnews.com,Male,Iran,225
308,Quintina,Joselevitch,qjoselevitch8j@timesonline.co.uk,Female,Portugal,717
309,Doralynn,Boyan,dboyan8k@google.com,Female,Saint Lucia,8
310,Deane,Rankling,drankling8l@gov.uk,Female,Indonesia,46402
311,Darleen,Pettingall,dpettingall8m@sciencedirect.com,Female,Panama,9399
312,Rakel,Bartoszewski,rbartoszewski8n@hubpages.com,Female,China,1
313,Arne,Pena,apena8o@unicef.org,Male,China,7
314,Dee dee,Crehan,dcrehan8p@yahoo.co.jp,Female,China,947
315,Heath,Jados,hjados8q@alibaba.com,Female,Indonesia,1
316,Debee,Stuffins,dstuffins8r@japanpost.jp,Female,Russia,324
317,Shurlock,Orritt,sorritt8s@jugem.jp,Male,Indonesia,61609
318,Sax,Timmens,stimmens8t@blogspot.com,Male,Portugal,841
319,Gretta,Derrick,gderrick8u@about.com,Female,Indonesia,16588
320,Meggy,Penquet,mpenquet8v@vistaprint.com,Female,Senegal,6929
321,Vern,Pender,vpender8w@adobe.com,Male,China,81544
322,Stuart,Evens,sevens8x@webeden.co.uk,Male,Philippines,7915
323,Jenny,Bonhomme,jbonhomme8y@bluehost.com,Female,China,9188
324,Clevie,Broadist,cbroadist8z@unc.edu,Male,Bangladesh,3438
325,Abbey,Hayden,ahayden90@paginegialle.it,Male,Indonesia,963
326,Pedro,Simoes,psimoes91@google.ru,Male,Czech Republic,171
327,Shannen,Robertucci,srobertucci92@pcworld.com,Female,Indonesia,8524
328,Chevy,Bertomier,cbertomier93@gnu.org,Male,Czech Republic,26
329,Arnoldo,Styche,astyche94@bing.com,Male,Russia,67
330,Siffre,Sinnat,ssinnat95@hatena.ne.jp,Male,Croatia,70
331,Katrine,Vinker,kvinker96@artisteer.com,Female,Finland,53594
332,Vernon,Sedgebeer,vsedgebeer97@bbc.co.uk,Male,Indonesia,77
333,Kerry,Pideon,kpideon98@technorati.com,Male,Armenia,23908
334,Lina,Galbraith,lgalbraith99@cbsnews.com,Female,China,26608
335,Freedman,Room,froom9a@fema.gov,Male,China,5
336,Maison,Beckles,mbeckles9b@howstuffworks.com,Male,Indonesia,861
337,Cornie,Bauduccio,cbauduccio9c@unesco.org,Female,Iran,5
338,Merle,Littell,mlittell9d@geocities.jp,Female,Angola,47600
339,Freemon,Tuckwell,ftuckwell9e@deviantart.com,Male,Brazil,1841
340,Gwenneth,Valentetti,gvalentetti9f@clickbank.net,Female,China,230
341,Collen,Rainford,crainford9g@t-online.de,Female,Poland,1
342,Josias,Jeduch,jjeduch9h@mlb.com,Male,China,5
343,Torry,Conwell,tconwell9i@gov.uk,Male,China,42059
344,Elroy,Mathis,emathis9j@1und1.de,Male,Indonesia,69027
345,Cheryl,Kinde,ckinde9k@si.edu,Female,China,8078
346,D'arcy,O'Fairy,dofairy9l@meetup.com,Male,Tunisia,91192
347,Leona,Di Biagi,ldibiagi9m@kickstarter.com,Female,Ecuador,3
348,Jacklyn,Ritmeyer,jritmeyer9n@instagram.com,Female,China,917
349,Westley,Tutchell,wtutchell9o@msn.com,Male,Portugal,364
350,Kylie,Holdall,kholdall9p@patch.com,Female,United States,6901
351,Madalena,Broseke,mbroseke9q@mashable.com,Female,Philippines,28520
352,Beltran,Brandassi,bbrandassi9r@weather.com,Male,United States,3043
353,Dael,Frostick,dfrostick9s@aboutads.info,Male,China,34
354,Elise,Fruin,efruin9t@wunderground.com,Female,Indonesia,708
355,Bartlett,Cake,bcake9u@unblog.fr,Male,China,7718
356,Talia,Dearan,tdearan9v@rediff.com,Female,Indonesia,1430
357,Germayne,Seleway,gseleway9w@blogtalkradio.com,Male,Czech Republic,9
358,Demetre,Pilmore,dpilmore9x@fastcompany.com,Male,Russia,0
359,Nora,Rennenbach,nrennenbach9y@nhs.uk,Female,China,22
360,Layla,Shieldon,lshieldon9z@princeton.edu,Female,China,1
361,Dani,Kobel,dkobela0@umn.edu,Male,Indonesia,30
362,Elga,Fenck,efencka1@baidu.com,Female,South Africa,470
363,Charleen,Berthel,cberthela2@china.com.cn,Female,Pakistan,7
364,Kurt,Cuniffe,kcuniffea3@1und1.de,Male,Albania,88646
365,Jilleen,Grima,jgrimaa4@lulu.com,Female,Sierra Leone,4622
366,Nickey,Marages,nmaragesa5@youku.com,Male,China,73687
367,Erhart,Haggata,ehaggataa6@wikipedia.org,Male,France,35049
368,Brooks,Plumbe,bplumbea7@rambler.ru,Female,Bolivia,77058
369,Patin,Leal,pleala8@umich.edu,Male,Chile,33
370,Madelina,Harlow,mharlowa9@addthis.com,Female,Russia,2129
371,Giffie,Tebbutt,gtebbuttaa@sina.com.cn,Male,Japan,53
372,Myer,Shipsey,mshipseyab@archive.org,Male,Colombia,56
373,Dorthea,Lehrer,dlehrerac@sohu.com,Female,Brazil,3951
374,Netti,Suatt,nsuattad@forbes.com,Female,Germany,96743
375,Marabel,Urien,murienae@shareasale.com,Female,Portugal,918
376,Ancell,Burdass,aburdassaf@fema.gov,Male,Portugal,8256
377,Dominick,Carle,dcarleag@cbslocal.com,Male,Chile,6037
378,Adolph,Pattie,apattieah@qq.com,Male,Indonesia,17739
379,Aguste,Eastabrook,aeastabrookai@twitter.com,Male,Russia,29
380,Fletch,Bexley,fbexleyaj@acquirethisname.com,Male,Malaysia,393
381,Freddy,Glede,fgledeak@newyorker.com,Male,Thailand,22989
382,Conn,Pasque,cpasqueal@indiegogo.com,Male,Russia,60
383,Florentia,Brettle,fbrettleam@surveymonkey.com,Female,Poland,89
384,Bobbe,Moehler,bmoehleran@fc2.com,Female,Comoros,191
385,Elianora,Rylance,erylanceao@foxnews.com,Female,Poland,144
386,Matt,Nisbith,mnisbithap@feedburner.com,Male,Iraq,1136
387,Lucas,Saben,lsabenaq@thetimes.co.uk,Male,Philippines,461
388,Hatty,Garrelts,hgarreltsar@weather.com,Female,Guatemala,1
389,Locke,Malins,lmalinsas@chron.com,Male,South Africa,48416
390,Jamey,Cummings,jcummingsat@elegantthemes.com,Male,Tunisia,6711
391,Lenard,Clink,lclinkau@plala.or.jp,Male,Palestinian Territory,1
392,Berky,Murcott,bmurcottav@ow.ly,Male,Indonesia,54770
393,Daryl,Palay,dpalayaw@un.org,Male,Russia,7
394,Brenden,Benfield,bbenfieldax@mapquest.com,Male,Vietnam,8510
395,Candide,Housley,chousleyay@state.tx.us,Female,Czech Republic,6
396,Ambros,Pattrick,apattrickaz@bandcamp.com,Male,Brazil,1847
397,Vicky,Edleston,vedlestonb0@theguardian.com,Female,Philippines,5
398,Berry,Poncet,bponcetb1@theguardian.com,Female,Japan,92
399,Alia,Kinningley,akinningleyb2@google.pl,Female,Indonesia,33513
400,Irv,Vickerman,ivickermanb3@examiner.com,Male,Jamaica,39
401,Oswell,Sircomb,osircombb4@bravesites.com,Male,Jamaica,48650
402,Angus,Gemnett,agemnettb5@bing.com,Male,China,114
403,Joell,Wiffield,jwiffieldb6@so-net.ne.jp,Female,Czech Republic,4370
404,Guglielmo,Zukierman,gzukiermanb7@npr.org,Male,Indonesia,6
405,Flinn,Ions,fionsb8@phpbb.com,Male,Myanmar,3079
406,Isidore,Dubique,idubiqueb9@pcworld.com,Male,Philippines,4243
407,Hadleigh,Bick,hbickba@mapquest.com,Male,Poland,6
408,Charissa,Eadmead,ceadmeadbb@quantcast.com,Female,Indonesia,46729
409,Clare,Gilcrist,cgilcristbc@networkadvertising.org,Male,United States,59
410,Davida,Hutfield,dhutfieldbd@so-net.ne.jp,Female,Thailand,38323
411,Victoir,Delagua,vdelaguabe@ucoz.com,Male,China,6
412,Dallon,Hernik,dhernikbf@loc.gov,Male,Greece,6015
413,Carlita,Booij,cbooijbg@flickr.com,Female,Yemen,28
414,Tull,Clitherow,tclitherowbh@harvard.edu,Male,Albania,4
415,Mavis,Aaron,maaronbi@eventbrite.com,Female,Russia,44257
416,Lucita,Durtnall,ldurtnallbj@yandex.ru,Female,Czech Republic,68783
417,Keeley,Dibson,kdibsonbk@aol.com,Female,Norway,9299
418,Dorothy,Beringer,dberingerbl@amazon.com,Female,China,4
419,Scot,Lamlin,slamlinbm@scribd.com,Male,China,56
420,Augusto,Laughlan,alaughlanbn@aol.com,Male,Russia,220
421,Harvey,Harbottle,hharbottlebo@cloudflare.com,Male,Indonesia,1589
422,Shela,Pointin,spointinbp@soundcloud.com,Female,China,8570
423,Cordie,Shambrooke,cshambrookebq@joomla.org,Female,Russia,3447
424,Mil,Leavey,mleaveybr@gov.uk,Female,Vietnam,7
425,Shelby,Gioan,sgioanbs@hibu.com,Female,Cyprus,28
426,Lebbie,de Vaen,ldevaenbt@goodreads.com,Female,China,88
427,Lizzie,Wogdon,lwogdonbu@mysql.com,Female,Greece,399
428,Sasha,Reubel,sreubelbv@deliciousdays.com,Female,Poland,312
429,Morse,Palk,mpalkbw@xinhuanet.com,Male,Indonesia,55881
430,Arin,Mulloch,amullochbx@tumblr.com,Male,Indonesia,4372
431,Nonah,Piggens,npiggensby@home.pl,Female,China,8471
432,Yetta,Sclanders,ysclandersbz@bbc.co.uk,Female,China,602
433,Margit,Gallaher,mgallaherc0@ihg.com,Female,Ukraine,17032
434,Cleo,Guille,cguillec1@bigcartel.com,Female,Peru,18123
435,Robby,Rosenblath,rrosenblathc2@chicagotribune.com,Male,Venezuela,18
436,Anya,Christiensen,achristiensenc3@thetimes.co.uk,Female,Russia,62469
437,Iorgo,Juanes,ijuanesc4@163.com,Male,China,60752
438,Kaine,de Werk,kdewerkc5@howstuffworks.com,Male,China,71
439,Barde,Howorth,bhoworthc6@uol.com.br,Male,Philippines,1085
440,Starr,Eakly,seaklyc7@ucoz.com,Female,Portugal,58
441,Prudi,Chell,pchellc8@census.gov,Female,Switzerland,30949
442,Nicol,Milmore,nmilmorec9@nifty.com,Female,Philippines,695
443,Northrup,Redon,nredonca@amazon.de,Male,China,4659
444,Arabele,Aymerich,aaymerichcb@europa.eu,Female,China,1871
445,Kerry,Jaray,kjaraycc@nyu.edu,Female,Indonesia,512
446,Roma,Dyneley,rdyneleycd@ifeng.com,Male,China,8
447,Rollo,Laurisch,rlaurischce@alibaba.com,Male,Poland,11
448,Emlynn,Kamena,ekamenacf@behance.net,Female,Indonesia,39
449,Rick,Rehme,rrehmecg@vkontakte.ru,Male,China,49
450,Dud,Di Dello,ddidelloch@nbcnews.com,Male,Thailand,96
451,Rube,Gallant,rgallantci@blogtalkradio.com,Male,Sweden,38115
452,Carver,Faulkner,cfaulknercj@blogspot.com,Male,China,7792
453,Hadley,Croal,hcroalck@yellowbook.com,Male,Peru,82016
454,Edyth,Stegel,estegelcl@yelp.com,Female,China,71193
455,Myrtle,Aneley,maneleycm@irs.gov,Female,Poland,5
456,Nicole,Proffer,nproffercn@jugem.jp,Female,Poland,8
457,Stacy,McMonnies,smcmonniesco@cbc.ca,Male,Argentina,8210
458,Rourke,Gisbey,rgisbeycp@imgur.com,Male,Russia,31028
459,Lianna,Loche,llochecq@hc360.com,Female,Indonesia,84
460,Starlin,Shreeves,sshreevescr@imgur.com,Female,Finland,68080
461,Dillie,Norval,dnorvalcs@geocities.com,Male,Ukraine,643
462,Darell,Chopping,dchoppingct@census.gov,Female,Philippines,4786
463,Cassius,Shemmin,cshemmincu@mapquest.com,Male,Russia,8262
464,Hermy,Elcomb,helcombcv@desdev.cn,Male,China,220
465,Hildegaard,Baskwell,hbaskwellcw@dropbox.com,Female,Honduras,74
466,Shelia,Ashling,sashlingcx@google.com.br,Female,Sweden,7
467,Eddie,Barrowcliffe,ebarrowcliffecy@geocities.jp,Female,China,8957
468,Brewer,Minget,bmingetcz@tripadvisor.com,Male,Pakistan,48
469,Curtice,Chancelier,cchancelierd0@nyu.edu,Male,Iran,2
470,Tuckie,Trevino,ttrevinod1@acquirethisname.com,Male,Micronesia,3792
471,Florie,Olivo,folivod2@hibu.com,Female,Ukraine,6320
472,Jeane,Karlsson,jkarlssond3@goo.gl,Female,Russia,85
473,Hersh,Garden,hgardend4@opensource.org,Male,China,470
474,Jory,Oliveti,jolivetid5@china.com.cn,Male,Sweden,15
475,Elvin,Mannering,emanneringd6@ask.com,Male,Japan,54046
476,Tersina,Brion,tbriond7@moonfruit.com,Female,Australia,96
477,Mildred,Cargill,mcargilld8@prweb.com,Female,Peru,72555
478,Tanner,Joliffe,tjoliffed9@hibu.com,Male,Russia,62
479,De witt,De Fraine,ddefraineda@epa.gov,Male,United States,8
480,Rory,Lapham,rlaphamdb@ask.com,Female,Poland,1
481,Marylou,Sueter,msueterdc@youtu.be,Female,China,886
482,Hanna,Cocke,hcockedd@imgur.com,Female,Sri Lanka,678
483,Martainn,Beddow,mbeddowde@prnewswire.com,Male,China,33240
484,Lyndsay,Godilington,lgodilingtondf@live.com,Female,China,41136
485,Yovonnda,Stubbeley,ystubbeleydg@indiatimes.com,Female,China,7
486,Cesare,Rickerd,crickerddh@yolasite.com,Male,China,85
487,Salvatore,Almey,salmeydi@smh.com.au,Male,Czech Republic,4764
488,Sandy,Barnewell,sbarnewelldj@weibo.com,Male,Indonesia,4
489,Rafi,Cattell,rcattelldk@hc360.com,Male,Pakistan,8
490,Violet,Kowalik,vkowalikdl@vk.com,Female,China,74
491,Sawyere,Brabyn,sbrabyndm@cisco.com,Male,Indonesia,2
492,Rab,Hue,rhuedn@about.com,Male,Brazil,8458
493,Saudra,Nattrass,snattrassdo@mashable.com,Female,Paraguay,7
494,Glenn,Innes,ginnesdp@booking.com,Female,Russia,83
495,Franciska,Wevell,fwevelldq@boston.com,Female,China,27529
496,Margareta,Stummeyer,mstummeyerdr@wunderground.com,Female,Mongolia,96705
497,Marty,Yerlett,myerlettds@arizona.edu,Female,Comoros,82245
498,Waylon,Hubbart,whubbartdt@japanpost.jp,Male,Serbia,55
499,Dwight,Sedgebeer,dsedgebeerdu@google.co.jp,Male,Tajikistan,7
500,Johny,Byham,jbyhamdv@constantcontact.com,Male,Colombia,12
501,Jonathon,Alan,jalandw@hud.gov,Male,New Zealand,65102
502,Jesus,Cottrill,jcottrilldx@hhs.gov,Male,Liberia,64959
503,Delmar,Etherson,dethersondy@nature.com,Male,Russia,7677
504,Elisabetta,Dubock,edubockdz@theglobeandmail.com,Female,Belarus,9351
505,Madelin,Sebley,msebleye0@apple.com,Female,Poland,3
506,Audy,Belfrage,abelfragee1@phoca.cz,Female,Philippines,47721
507,Justis,Philo,jphiloe2@theglobeandmail.com,Male,Brazil,586
508,Horst,Foch,hfoche3@devhub.com,Male,Indonesia,204
509,Harry,Ancliffe,hancliffee4@ft.com,Male,China,94628
510,Marleah,Chilcotte,mchilcottee5@mlb.com,Female,Germany,2
511,Jarvis,Dickinson,jdickinsone6@google.com.br,Male,Russia,9
512,Dione,Frany,dfranye7@dailymotion.com,Female,United States,43905
513,Hadrian,Sleney,hsleneye8@taobao.com,Male,Thailand,23
514,Cherise,Lutty,cluttye9@google.co.uk,Female,Russia,9
515,Tedman,Lovemore,tlovemoreea@opensource.org,Male,Mexico,7
516,Malory,O' Gara,mogaraeb@g.co,Female,China,785
517,Clementine,Brampton,cbramptonec@mediafire.com,Female,Nigeria,96
518,Griffy,Peach,gpeached@nps.gov,Male,Cuba,11242
519,Nicol,McVanamy,nmcvanamyee@shinystat.com,Female,Brazil,96
520,Phil,Fiveash,pfiveashef@samsung.com,Female,Russia,1899
521,Syman,Wombwell,swombwelleg@ocn.ne.jp,Male,Indonesia,1200
522,Laurene,Leversuch,lleversucheh@cargocollective.com,Female,Czech Republic,9
523,Madelena,Dawtrey,mdawtreyei@bandcamp.com,Female,Sweden,10
524,Osborne,Allport,oallportej@auda.org.au,Male,Brazil,851
525,Cecilio,Gerrelts,cgerreltsek@tumblr.com,Male,Tanzania,31923
526,Stephannie,Stoving,sstovingel@github.io,Female,Brazil,97279
527,Jeramie,Jarnell,jjarnellem@photobucket.com,Male,Moldova,69501
528,Lyssa,Kermitt,lkermitten@theglobeandmail.com,Female,Indonesia,1627
529,Giff,McMakin,gmcmakineo@cnn.com,Male,Bolivia,7791
530,Tanny,Skeldon,tskeldonep@boston.com,Male,Indonesia,167
531,Kin,Yirrell,kyirrelleq@pinterest.com,Male,Pakistan,3351
532,Andrew,Grevel,agreveler@arstechnica.com,Male,Armenia,8195
533,Geordie,Moon,gmoones@ezinearticles.com,Male,Indonesia,5
534,Elna,Le Provest,eleprovestet@studiopress.com,Female,Finland,807
535,Jordain,Cudmore,jcudmoreeu@google.es,Female,Indonesia,74
536,Dion,Argente,dargenteev@diigo.com,Female,Czech Republic,3249
537,Valery,MacClure,vmacclureew@dedecms.com,Female,United Kingdom,8107
538,Gregorio,Kinnane,gkinnaneex@sciencedirect.com,Male,Iran,92715
539,Abagael,Crush,acrushey@woothemes.com,Female,United States,0
540,Randene,Mintoft,rmintoftez@oakley.com,Female,China,3599
541,Callida,Spellsworth,cspellsworthf0@blogger.com,Female,China,893
542,Bernadette,Tal,btalf1@answers.com,Female,South Korea,297
543,Jean,Bisgrove,jbisgrovef2@accuweather.com,Female,China,92
544,Barb,Empringham,bempringhamf3@com.com,Female,Argentina,64
545,Dukie,Schulter,dschulterf4@constantcontact.com,Male,China,916
546,Shaun,Stocks,sstocksf5@kickstarter.com,Male,Indonesia,25775
547,Henka,Withers,hwithersf6@artisteer.com,Female,China,791
548,Wenona,Filan,wfilanf7@free.fr,Female,France,651
549,Berkley,Woodwin,bwoodwinf8@psu.edu,Male,Philippines,1
550,Linnea,Ormston,lormstonf9@sourceforge.net,Female,Indonesia,597
551,Maddi,Wimms,mwimmsfa@hatena.ne.jp,Female,Indonesia,189
552,Esmeralda,Mockford,emockfordfb@clickbank.net,Female,Indonesia,75
553,Thomasina,Ransley,transleyfc@un.org,Female,Ecuador,0
554,Esta,Wettern,ewetternfd@google.com.br,Female,Indonesia,55
555,Fonz,Mandrake,fmandrakefe@gnu.org,Male,China,5
556,Adore,Lewing,alewingff@storify.com,Female,Russia,305
557,Agace,Gatward,agatwardfg@netlog.com,Female,Croatia,9
558,Dimitri,Congreave,dcongreavefh@unesco.org,Male,Indonesia,528
559,Adiana,MacAlister,amacalisterfi@arizona.edu,Female,Indonesia,33
560,Holli,Stoffler,hstofflerfj@dropbox.com,Female,Portugal,1
561,Yurik,Rathbourne,yrathbournefk@earthlink.net,Male,Brazil,54510
562,Ashla,Betancourt,abetancourtfl@digg.com,Female,Russia,12327
563,Tabor,Jelk,tjelkfm@auda.org.au,Male,Mexico,2327
564,Clari,Temlett,ctemlettfn@theguardian.com,Female,Samoa,7721
565,Venita,Glander,vglanderfo@rambler.ru,Female,Uruguay,6
566,Ulrikaumeko,Tomowicz,utomowiczfp@adobe.com,Female,Sierra Leone,407
567,Shurlock,Saltmarsh,ssaltmarshfq@economist.com,Male,Poland,750
568,Nahum,Dowle,ndowlefr@sakura.ne.jp,Male,Canada,13
569,Jereme,Icke,jickefs@ted.com,Male,China,0
570,Baxy,Ridings,bridingsft@yahoo.co.jp,Male,China,8594
571,Brigid,Reichartz,breichartzfu@surveymonkey.com,Female,Russia,2
572,Nance,O'Sculley,nosculleyfv@paginegialle.it,Female,United States,32
573,Bebe,Waplinton,bwaplintonfw@dmoz.org,Female,China,5807
574,Perry,Waltering,pwalteringfx@eventbrite.com,Female,Poland,8782
575,Brandi,Dingley,bdingleyfy@imageshack.us,Female,Israel,720
576,Reinaldo,Binnes,rbinnesfz@adobe.com,Male,Colombia,73
577,Moises,Garz,mgarzg0@163.com,Male,Belarus,8422
578,Lauren,Lindbergh,llindberghg1@altervista.org,Female,Canada,5037
579,Jarret,Levet,jlevetg2@bizjournals.com,Male,China,5905
580,Micki,Warsop,mwarsopg3@yandex.ru,Female,China,5
581,Yulma,Gilderoy,ygilderoyg4@cbsnews.com,Male,Dominican Republic,31
582,Lem,Dashper,ldashperg5@chronoengine.com,Male,China,95
583,Mellisent,Hovee,mhoveeg6@networksolutions.com,Female,Sweden,692
584,Willy,Face,wfaceg7@angelfire.com,Male,Indonesia,42
585,Mark,Ledgley,mledgleyg8@list-manage.com,Male,Poland,882
586,Rosalind,Holworth,rholworthg9@paypal.com,Female,Poland,790
587,Craggy,Stormonth,cstormonthga@oracle.com,Male,Lesotho,65861
588,Cosimo,Onge,congegb@prlog.org,Male,Republic of the Congo,389
589,Lanette,Gowan,lgowangc@yellowbook.com,Female,Mexico,92452
590,Blisse,Doore,bdooregd@blogs.com,Female,Indonesia,524
591,Vyky,Callaby,vcallabyge@jiathis.com,Female,Peru,89597
592,Hayward,Cockin,hcockingf@netlog.com,Male,Myanmar,8126
593,Gilberto,Mc Meekan,gmcmeekangg@163.com,Male,Yemen,7783
594,Davide,Stegell,dstegellgh@ihg.com,Male,Mongolia,9
595,Anneliese,Simanek,asimanekgi@msu.edu,Female,China,28
596,Wolf,Fransman,wfransmangj@360.cn,Male,Colombia,704
597,Reuven,Siemandl,rsiemandlgk@hud.gov,Male,China,8161
598,Alison,Mountain,amountaingl@amazon.co.uk,Female,Brazil,26
599,Ronni,Ishaki,rishakigm@dell.com,Female,Russia,92
600,Elwyn,Cloy,ecloygn@g.co,Male,Uganda,11258
601,Shannon,Skala,sskalago@edublogs.org,Male,Philippines,18
602,Ursulina,Shrieves,ushrievesgp@w3.org,Female,Japan,735
603,Leena,Johananov,ljohananovgq@umn.edu,Female,Indonesia,8
604,Alwyn,Tumilson,atumilsongr@skyrock.com,Male,China,35
605,Alyss,Faulks,afaulksgs@prnewswire.com,Female,China,6149
606,Liliane,Popping,lpoppinggt@webmd.com,Female,Japan,8
607,Cam,Gildersleaves,cgildersleavesgu@nasa.gov,Female,Russia,342
608,Shep,McElhinney,smcelhinneygv@chron.com,Male,China,7986
609,Lowrance,Grigs,lgrigsgw@cisco.com,Male,China,94525
610,Felecia,Vicarey,fvicareygx@squidoo.com,Female,Indonesia,54
611,Aldous,Cosbee,acosbeegy@diigo.com,Male,United States,591
612,Abe,Obispo,aobispogz@pbs.org,Male,Sweden,243
613,Alasdair,Tolworth,atolworthh0@msn.com,Male,China,7
614,Alberto,Lieber,alieberh1@nbcnews.com,Male,China,29441
615,Harriott,Deppe,hdeppeh2@de.vu,Female,Montenegro,87198
616,Eldridge,Eschalotte,eeschalotteh3@hibu.com,Male,Philippines,782
617,Mannie,Guildford,mguildfordh4@usa.gov,Male,China,5
618,Dulcinea,Beach,dbeachh5@mail.ru,Female,Indonesia,37131
619,Pryce,Rockingham,prockinghamh6@unblog.fr,Male,Peru,4
620,Jake,Convery,jconveryh7@utexas.edu,Male,Indonesia,715
621,Forrest,Brogan,fbroganh8@qq.com,Male,Pakistan,1048
622,Tymothy,Palser,tpalserh9@smh.com.au,Male,South Korea,68133
623,Sharon,Biesterfeld,sbiesterfeldha@huffingtonpost.com,Female,China,904
624,Claribel,Skouling,cskoulinghb@prweb.com,Female,Nigeria,3
625,Paxton,Iskowitz,piskowitzhc@odnoklassniki.ru,Male,Kenya,155
626,Barnie,Llopis,bllopishd@nationalgeographic.com,Male,Poland,70
627,Phyllida,Knightsbridge,pknightsbridgehe@linkedin.com,Female,Georgia,17
628,Nelia,Gudeman,ngudemanhf@nydailynews.com,Female,Argentina,14
629,Kass,Peschke,kpeschkehg@loc.gov,Female,China,9
630,Darius,Stelljes,dstelljeshh@joomla.org,Male,Mongolia,0
631,Dulcy,Templeton,dtempletonhi@cyberchimps.com,Female,Russia,419
632,Sena,Durran,sdurranhj@github.io,Female,Bulgaria,509
633,Georgiana,Jaycock,gjaycockhk@vkontakte.ru,Female,Indonesia,36
634,Dougy,Copland,dcoplandhl@google.de,Male,Portugal,98579
635,Gothart,Ephson,gephsonhm@webeden.co.uk,Male,Egypt,81
636,Gregory,Burgane,gburganehn@chronoengine.com,Male,Argentina,643
637,Silvanus,Cours,scoursho@bloglovin.com,Male,Indonesia,74
638,Marys,Camplen,mcamplenhp@nyu.edu,Female,Brazil,2
639,Barri,Kobpac,bkobpachq@yolasite.com,Male,Afghanistan,4
640,Frederick,Peniello,fpeniellohr@creativecommons.org,Male,China,50
641,Alli,Brecknall,abrecknallhs@gravatar.com,Female,Canada,9773
642,Cory,Nesbitt,cnesbittht@bing.com,Female,Philippines,488
643,Aldous,Gittens,agittenshu@ca.gov,Male,France,9
644,Tressa,Garnsworthy,tgarnsworthyhv@soundcloud.com,Female,Thailand,6733
645,Estelle,Osorio,eosoriohw@unesco.org,Female,Canada,4743
646,Zackariah,Greenman,zgreenmanhx@csmonitor.com,Male,Portugal,3296
647,Hunfredo,Gasparro,hgasparrohy@tinypic.com,Male,Afghanistan,8
648,Naoma,Lebel,nlebelhz@aol.com,Female,Russia,3473
649,Orelie,Berre,oberrei0@earthlink.net,Female,India,0
650,Donelle,Mort,dmorti1@t-online.de,Female,China,6979
651,Jermayne,Rolse,jrolsei2@nyu.edu,Male,Argentina,311
652,Eda,Conti,econtii3@jugem.jp,Female,Japan,8
653,Nestor,Clamp,nclampi4@seattletimes.com,Male,Indonesia,36818
654,Debi,Lawther,dlawtheri5@ibm.com,Female,Ukraine,8
655,Adolphe,Turpie,aturpiei6@google.co.uk,Male,Pakistan,59795
656,Nina,Fouch,nfouchi7@delicious.com,Female,Sweden,8433
657,Sholom,Baldrick,sbaldricki8@mozilla.com,Male,Egypt,20
658,Rowe,Orr,rorri9@miibeian.gov.cn,Female,Indonesia,78523
659,Ofella,Layman,olaymania@wiley.com,Female,Philippines,2983
660,Bunnie,Heaton,bheatonib@slideshare.net,Female,Iran,6
661,Gretta,Coppen,gcoppenic@army.mil,Female,Indonesia,5136
662,Josefa,Almack,jalmackid@g.co,Female,China,598
663,Byrle,Jamblin,bjamblinie@msu.edu,Male,Brazil,770
664,Faith,Landes,flandesif@discuz.net,Female,Greece,7
665,Neil,Wherrett,nwherrettig@nature.com,Male,China,76411
666,Tymothy,Raun,traunih@usa.gov,Male,Benin,8
667,Eddy,Harvett,eharvettii@yandex.ru,Male,Morocco,2
668,Edd,Hovert,ehovertij@wunderground.com,Male,Mongolia,59257
669,Gipsy,Norville,gnorvilleik@goo.ne.jp,Female,Argentina,57319
670,Tammy,Ewenson,tewensonil@cyberchimps.com,Male,Ireland,885
671,Halette,Witsey,hwitseyim@de.vu,Female,Indonesia,6
672,Omar,Winterton,owintertonin@google.com.hk,Male,Indonesia,2451
673,Leodora,Vanyushin,lvanyushinio@cnbc.com,Female,Kazakhstan,18
674,Abelard,Comer,acomerip@google.com.br,Male,Ghana,48347
675,Osborn,Joiner,ojoineriq@earthlink.net,Male,Netherlands,8
676,Helen,Monelle,hmonelleir@time.com,Female,China,67
677,Vonny,Montford,vmontfordis@ehow.com,Female,Indonesia,946
678,Linc,MacCorkell,lmaccorkellit@marketwatch.com,Male,Serbia,703
679,Dill,Faucherand,dfaucherandiu@blog.com,Male,Poland,85837
680,Chiarra,Dales,cdalesiv@jimdo.com,Female,Brazil,0
681,Sanford,Reith,sreithiw@cdc.gov,Male,Poland,903
682,Wallis,Ker,wkerix@oracle.com,Male,India,717
683,Deloris,Stit,dstitiy@go.com,Female,Netherlands,3361
684,Tootsie,O'Leary,tolearyiz@ebay.com,Female,Venezuela,68282
685,Josey,Hugland,jhuglandj0@t.co,Female,Indonesia,7561
686,Avivah,Guess,aguessj1@bravesites.com,Female,China,96536
687,Thor,Cree,tcreej2@smugmug.com,Male,China,856
688,Nichole,Leisk,nleiskj3@jiathis.com,Female,Kuwait,88
689,Ty,Wagg,twaggj4@wikimedia.org,Male,Russia,6
690,Rebeka,Cook,rcookj5@sphinn.com,Female,Ukraine,1639
691,Agathe,Sloam,asloamj6@nbcnews.com,Female,Indonesia,6676
692,Pall,Turfs,pturfsj7@constantcontact.com,Male,China,78
693,Joann,Standring,jstandringj8@bizjournals.com,Female,Poland,3111
694,Kirby,McShea,kmcsheaj9@google.es,Male,Portugal,9156
695,Ardella,Bligh,ablighja@mayoclinic.com,Female,Indonesia,724
696,Shawna,Lancett,slancettjb@fema.gov,Female,Russia,4
697,Sloan,Rosina,srosinajc@geocities.jp,Male,Philippines,76491
698,Clovis,Ham,chamjd@geocities.jp,Female,Azerbaijan,919
699,Melva,Ilyenko,milyenkoje@prnewswire.com,Female,Tanzania,26220
700,Leslie,Prall,lpralljf@tiny.cc,Female,Colombia,647
701,Der,Gerraty,dgerratyjg@woothemes.com,Male,Sweden,3
702,Jud,Courtois,jcourtoisjh@uiuc.edu,Male,China,7
703,Melisse,Diggin,mdigginji@myspace.com,Female,Indonesia,72696
704,Rheba,Saundercock,rsaundercockjj@sourceforge.net,Female,France,989
705,Arni,Leppard,aleppardjk@woothemes.com,Male,Israel,413
706,Tamarah,Alwood,talwoodjl@forbes.com,Female,Sweden,244
707,Adele,Lanaway,alanawayjm@soundcloud.com,Female,Thailand,688
708,Jazmin,McKerley,jmckerleyjn@mozilla.com,Female,Azerbaijan,45
709,Malinda,Rannie,mranniejo@cafepress.com,Female,Nigeria,91552
710,Wheeler,Wraith,wwraithjp@sciencedirect.com,Male,Italy,3
711,Ally,Marmon,amarmonjq@quantcast.com,Female,Argentina,46
712,Garwood,Quodling,gquodlingjr@nydailynews.com,Male,Sudan,3852
713,Osmond,Gallemore,ogallemorejs@woothemes.com,Male,Gabon,7
714,Jeanna,Pilley,jpilleyjt@wikia.com,Female,China,0
715,Arabella,Bomfield,abomfieldju@alexa.com,Female,Vietnam,3014
716,Frank,Balentyne,fbalentynejv@weebly.com,Female,China,11
717,Christiane,Le Grand,clegrandjw@hostgator.com,Female,Indonesia,20896
718,Rozalie,Dingley,rdingleyjx@oakley.com,Female,Philippines,416
719,Maxie,Kuschel,mkuscheljy@over-blog.com,Male,Portugal,73
720,Therine,Trangmar,ttrangmarjz@icq.com,Female,Portugal,416
721,Minta,Eddisford,meddisfordk0@samsung.com,Female,Russia,69
722,Darb,Mulliss,dmullissk1@ucoz.com,Female,Russia,13019
723,Sol,Sline,sslinek2@hubpages.com,Male,Portugal,861
724,Hanna,Daish,hdaishk3@is.gd,Female,China,1
725,Callean,Jacop,cjacopk4@scientificamerican.com,Male,Uzbekistan,8103
726,Kirsteni,Golightly,kgolightlyk5@gnu.org,Female,Russia,32708
727,Shannon,Goymer,sgoymerk6@indiegogo.com,Female,Indonesia,2715
728,Shea,Doge,sdogek7@sogou.com,Female,Indonesia,602
729,Darnell,Talkington,dtalkingtonk8@networkadvertising.org,Male,Russia,77
730,Bourke,Oven,bovenk9@alexa.com,Male,Indonesia,42
731,Hirsch,Gabbetis,hgabbetiska@youku.com,Male,France,685
732,Vikki,Mingardi,vmingardikb@sohu.com,Female,Mexico,25
733,Rhea,Enga,rengakc@businessweek.com,Female,Poland,696
734,Kelley,Sharpling,ksharplingkd@mtv.com,Male,China,89
735,Kaspar,Landsborough,klandsboroughke@stanford.edu,Male,Indonesia,892
736,Elsy,Rawlinson,erawlinsonkf@comcast.net,Female,Ecuador,4697
737,Katalin,Colthurst,kcolthurstkg@fotki.com,Female,Democratic Republic of the Congo,42
738,Keeley,Laskey,klaskeykh@rakuten.co.jp,Female,Philippines,24
739,Paulette,Heephy,pheephyki@tamu.edu,Female,Portugal,8076
740,Vallie,Tickel,vtickelkj@hubpages.com,Female,Mongolia,6
741,Irvine,Rowes,iroweskk@adobe.com,Male,China,3599
742,Dulcy,Dudenie,ddudeniekl@jimdo.com,Female,Costa Rica,1
743,Constancy,Philcox,cphilcoxkm@hud.gov,Female,Morocco,8786
744,Lara,Penhall,lpenhallkn@cdc.gov,Female,China,76
745,Bunni,D'Ugo,bdugoko@youtube.com,Female,Sweden,77599
746,Raoul,Waterdrinker,rwaterdrinkerkp@discovery.com,Male,Sweden,23217
747,Rosanna,Grastye,rgrastyekq@hugedomains.com,Female,Yemen,8
748,Bonnie,Tidcomb,btidcombkr@stanford.edu,Female,Chile,62213
749,Engelbert,Neylon,eneylonks@plala.or.jp,Male,China,755
750,Tore,Aartsen,taartsenkt@delicious.com,Male,China,53
751,Noll,Olenichev,nolenichevku@domainmarket.com,Male,Sierra Leone,1531
752,Norby,Wyldes,nwyldeskv@com.com,Male,Israel,9885
753,Cy,Abella,cabellakw@vimeo.com,Male,Brazil,644
754,Fionnula,Speck,fspeckkx@businessweek.com,Female,China,777
755,Tallia,Farrington,tfarringtonky@discuz.net,Female,Finland,5
756,Consuela,Duignan,cduignankz@dagondesign.com,Female,China,3077
757,Myriam,Simao,msimaol0@bbb.org,Female,Bolivia,32608
758,Emlyn,Casely,ecaselyl1@cbsnews.com,Male,United States,1
759,Jeane,Frances,jfrancesl2@g.co,Female,Sierra Leone,10
760,Brent,Whimper,bwhimperl3@disqus.com,Male,Portugal,0
761,Daniele,Thaxton,dthaxtonl4@altervista.org,Female,Croatia,24065
762,Brok,Smallpiece,bsmallpiecel5@pen.io,Male,Serbia,6
763,Pieter,Balmforth,pbalmforthl6@de.vu,Male,Czech Republic,5
764,Victoria,Lanchberry,vlanchberryl7@homestead.com,Female,Indonesia,5
765,Patrizia,Battey,pbatteyl8@webs.com,Female,China,23401
766,Claresta,Demann,cdemannl9@sakura.ne.jp,Female,Brazil,903
767,Neils,Corde,ncordela@cargocollective.com,Male,Indonesia,37180
768,Pierce,Padefield,ppadefieldlb@house.gov,Male,Gambia,256
769,Gianni,Rapper,grapperlc@merriam-webster.com,Male,Syria,31
770,Alvie,Harefoot,aharefootld@newyorker.com,Male,Kenya,88170
771,Benton,Winsborrow,bwinsborrowle@virginia.edu,Male,Ukraine,9
772,Adey,Jecock,ajecocklf@163.com,Female,Ukraine,3504
773,Andie,Wynter,awynterlg@ask.com,Male,Russia,22
774,Kaile,Averall,kaveralllh@yahoo.co.jp,Female,France,59
775,Derron,Abadam,dabadamli@nih.gov,Male,Indonesia,34
776,Derril,Pitkeathly,dpitkeathlylj@yale.edu,Male,Russia,5790
777,Randal,Broader,rbroaderlk@diigo.com,Male,Poland,4973
778,Emmye,Leeder,eleederll@accuweather.com,Female,Chad,7062
779,Walden,Miche,wmichelm@pen.io,Male,Greece,3
780,Gabbey,Laurent,glaurentln@omniture.com,Female,Mauritania,874
781,Daphna,Kirkham,dkirkhamlo@sbwire.com,Female,Philippines,92
782,Clevey,Kluge,cklugelp@usnews.com,Male,Colombia,24
783,Laurie,Saladino,lsaladinolq@digg.com,Male,China,34295
784,Tobye,Padley,tpadleylr@disqus.com,Female,Indonesia,25
785,Lynette,Ransom,lransomls@cnet.com,Female,Honduras,31651
786,Kai,Khosa,kkhosalt@deliciousdays.com,Female,Guatemala,25
787,Phylys,Leverage,pleveragelu@merriam-webster.com,Female,South Korea,362
788,Anton,Conyard,aconyardlv@liveinternet.ru,Male,Philippines,20
789,Arabelle,Madders,amadderslw@addthis.com,Female,Togo,57
790,Leola,Novello,lnovellolx@ask.com,Female,Mongolia,285
791,Carie,Piscopello,cpiscopelloly@cmu.edu,Female,China,9788
792,Townsend,Cudihy,tcudihylz@unesco.org,Male,Norway,47
793,Clyde,Mathet,cmathetm0@state.tx.us,Male,Ecuador,6
794,Marjory,Duffie,mduffiem1@blogtalkradio.com,Female,Czech Republic,8361
795,Nial,Hanssmann,nhanssmannm2@wikipedia.org,Male,Poland,54
796,Millicent,Bladder,mbladderm3@theglobeandmail.com,Female,Jordan,24719
797,Norah,Heintzsch,nheintzschm4@pen.io,Female,China,97
798,Beltran,Civitillo,bcivitillom5@exblog.jp,Male,Portugal,56
799,Arthur,Barwack,abarwackm6@eventbrite.com,Male,Russia,3131
800,Joletta,Ciotti,jciottim7@usnews.com,Female,Belarus,87486
801,Galvan,Campbell-Dunlop,gcampbelldunlopm8@hostgator.com,Male,China,96
802,Davy,Skentelbery,dskentelberym9@mapquest.com,Male,Armenia,6409
803,Nestor,Truckell,ntruckellma@archive.org,Male,Libya,37
804,Adriena,Arnao,aarnaomb@g.co,Female,France,36978
805,Nickey,Dobble,ndobblemc@zdnet.com,Male,Sweden,97
806,Charita,Turley,cturleymd@usnews.com,Female,China,11506
807,Gleda,Kirrens,gkirrensme@webnode.com,Female,Greece,90309
808,Renata,Sheekey,rsheekeymf@elegantthemes.com,Female,China,474
809,Cassius,Antognelli,cantognellimg@seesaa.net,Male,Ukraine,509
810,Nil,Zimmerman,nzimmermanmh@tinypic.com,Male,Georgia,472
811,Samuele,Beagin,sbeaginmi@cloudflare.com,Male,Greece,55
812,Dorothea,Trundell,dtrundellmj@ucla.edu,Female,United States,0
813,Mathian,Dummer,mdummermk@reverbnation.com,Male,Indonesia,5955
814,Moore,Bromage,mbromageml@ihg.com,Male,Philippines,633
815,De witt,Lacase,dlacasemm@paypal.com,Male,China,9
816,Rosalie,Roberti,rrobertimn@msu.edu,Female,Colombia,61641
817,Corrianne,Bride,cbridemo@thetimes.co.uk,Female,China,89810
818,Bobine,McLarty,bmclartymp@jigsy.com,Female,China,25806
819,Prue,Grafhom,pgrafhommq@gnu.org,Female,Norway,22149
820,Glori,Dungey,gdungeymr@ning.com,Female,Japan,85363
821,Camella,Rickesies,crickesiesms@biblegateway.com,Female,Russia,8664
822,Lucretia,Stote,lstotemt@cnbc.com,Female,Portugal,7469
823,Yvonne,Reede,yreedemu@vistaprint.com,Female,Canada,347
824,Dorolice,Domek,ddomekmv@theglobeandmail.com,Female,Tanzania,25151
825,Wilmette,Freer,wfreermw@bluehost.com,Female,Brazil,452
826,Fitzgerald,Piniur,fpiniurmx@microsoft.com,Male,Sweden,0
827,Haley,Shires,hshiresmy@engadget.com,Male,Portugal,6332
828,Gertruda,Polland,gpollandmz@amazon.com,Female,China,85
829,Tabbie,Mowsdill,tmowsdilln0@gov.uk,Female,Poland,60900
830,Raquel,Blaydes,rblaydesn1@theglobeandmail.com,Female,Bolivia,784
831,Gelya,Gavin,ggavinn2@merriam-webster.com,Female,Poland,20
832,Beck,Whyteman,bwhytemann3@answers.com,Male,Thailand,838
833,Giulia,McLleese,gmclleesen4@t.co,Female,Indonesia,832
834,Idette,Cranton,icrantonn5@oaic.gov.au,Female,Russia,47
835,Sean,Gwilliam,sgwilliamn6@state.tx.us,Female,Sweden,865
836,Aron,Maruska,amaruskan7@blogspot.com,Male,Bulgaria,4937
837,Saw,McIlvoray,smcilvorayn8@irs.gov,Male,Serbia,3
838,Valdemar,Branchflower,vbranchflowern9@baidu.com,Male,Argentina,731
839,Carlota,Messent,cmessentna@opera.com,Female,Sweden,84
840,Delainey,Ussher,dusshernb@apache.org,Male,Sweden,7
841,Allegra,Sends,asendsnc@deviantart.com,Female,Poland,43814
842,Harbert,Dedenham,hdedenhamnd@infoseek.co.jp,Male,Vietnam,672
843,Dalt,Pittem,dpittemne@marketwatch.com,Male,Russia,2
844,Vito,Avrahamian,vavrahamiannf@google.com.au,Male,Czech Republic,61
845,Genna,Biasetti,gbiasetting@typepad.com,Female,United Arab Emirates,394
846,Clovis,Besantie,cbesantienh@hugedomains.com,Female,United States,3031
847,Pail,Pulman,ppulmanni@umn.edu,Male,Philippines,4798
848,Hetti,Mulhall,hmulhallnj@cargocollective.com,Female,China,53
849,Viv,Rubinowitch,vrubinowitchnk@wiley.com,Female,Thailand,57538
850,Mirilla,Grebner,mgrebnernl@mashable.com,Female,Angola,346
851,Algernon,Godbert,agodbertnm@vimeo.com,Male,Malta,97
852,Diahann,Dibsdale,ddibsdalenn@house.gov,Female,Indonesia,46
853,Bea,Klaussen,bklaussenno@typepad.com,Female,Russia,710
854,Freida,Heed,fheednp@princeton.edu,Female,Netherlands,54
855,Kirbie,Portress,kportressnq@qq.com,Female,Canada,41135
856,Brett,Litherland,blitherlandnr@smugmug.com,Male,Portugal,425
857,Dani,Pohlke,dpohlkens@dedecms.com,Male,Indonesia,406
858,Brena,Liffe,bliffent@gravatar.com,Female,Uganda,5
859,Valeda,Bragger,vbraggernu@wikipedia.org,Female,Argentina,33
860,Filippo,Castanares,fcastanaresnv@yellowpages.com,Male,China,336
861,Norry,Dicte,ndictenw@themeforest.net,Male,Czech Republic,18614
862,Anastasie,Ruthven,aruthvennx@archive.org,Female,China,940
863,Bud,Gladtbach,bgladtbachny@walmart.com,Male,Sweden,3
864,Charmaine,Theze,cthezenz@webmd.com,Female,Bosnia and Herzegovina,1304
865,Debi,Hulett,dhuletto0@joomla.org,Female,Philippines,777
866,Jocko,Veness,jvenesso1@networksolutions.com,Male,Philippines,59
867,Ryley,Tirte,rtirteo2@youtu.be,Male,China,3
868,Holmes,Perico,hpericoo3@wikia.com,Male,Philippines,39937
869,Claire,Coarser,ccoarsero4@globo.com,Male,Indonesia,8927
870,Jimmie,Franies,jfranieso5@youtube.com,Male,France,4
871,Murvyn,Briance,mbrianceo6@usda.gov,Male,China,434
872,Dorie,Stampe,dstampeo7@seattletimes.com,Male,Dominican Republic,32
873,Lavina,Smithson,lsmithsono8@networkadvertising.org,Female,Ukraine,4136
874,Callean,Critchard,ccritchardo9@businesswire.com,Male,Philippines,49560
875,Sergei,Blader,sbladeroa@github.com,Male,Greece,78021
876,Brandice,Fishly,bfishlyob@slashdot.org,Female,China,9303
877,Dag,McVitie,dmcvitieoc@cyberchimps.com,Male,China,2
878,Cassey,Doles,cdolesod@webs.com,Female,Czech Republic,1895
879,Ange,Dillimore,adillimoreoe@aol.com,Male,Greece,5588
880,Ortensia,Ride,orideof@usgs.gov,Female,Peru,58307
881,Kissie,Goodinge,kgoodingeog@csmonitor.com,Female,China,14
882,Kaye,Tredwell,ktredwelloh@yale.edu,Female,China,24
883,Kerrin,Dudney,kdudneyoi@w3.org,Female,Venezuela,813
884,Valma,Sannes,vsannesoj@examiner.com,Female,Togo,8270
885,Kylen,Verna,kvernaok@people.com.cn,Female,Dominican Republic,1298
886,Eleni,Meecher,emeecherol@paginegialle.it,Female,United Kingdom,3
887,Eric,McGettrick,emcgettrickom@google.it,Male,Indonesia,7
888,Aubry,Jaggs,ajaggson@soup.io,Female,China,25
889,Arleyne,Foulkes,afoulkesoo@myspace.com,Female,Brazil,99
890,York,Danihelka,ydanihelkaop@latimes.com,Male,Iran,33316
891,Marian,Hayth,mhaythoq@reddit.com,Female,China,79827
892,Bronson,Albasiny,balbasinyor@github.com,Male,Greece,0
893,Austina,Mullan,amullanos@senate.gov,Female,Croatia,1
894,Kyle,Bringloe,kbringloeot@ning.com,Male,Iceland,8338
895,Loleta,Blaycock,lblaycockou@princeton.edu,Female,Tanzania,57
896,Ashla,McIlhone,amcilhoneov@slate.com,Female,Indonesia,30416
897,Franz,Slowcock,fslowcockow@scientificamerican.com,Male,China,1304
898,Celestyna,Benduhn,cbenduhnox@craigslist.org,Female,Indonesia,0
899,Augusto,Jancey,ajanceyoy@bloomberg.com,Male,Germany,4926
900,Crysta,Daice,cdaiceoz@bloomberg.com,Female,Peru,2
901,Abrahan,Gabits,agabitsp0@marriott.com,Male,Indonesia,20
902,Peggi,Checklin,pchecklinp1@opensource.org,Female,Mexico,9
903,Tallie,Tubble,ttubblep2@army.mil,Female,Philippines,7
904,Sheffie,Ellicott,sellicottp3@paypal.com,Male,Russia,49
905,Enrika,Wilstead,ewilsteadp4@un.org,Female,Chile,5
906,Dorie,Akram,dakramp5@delicious.com,Female,France,32
907,Sigismundo,Challis,schallisp6@ucsd.edu,Male,China,93
908,Jamison,Shoute,jshoutep7@fema.gov,Male,Philippines,5
909,Victoria,Skingle,vskinglep8@so-net.ne.jp,Female,United States,4433
910,Dory,Ceccoli,dceccolip9@newyorker.com,Male,Indonesia,13
911,Lavena,Coultard,lcoultardpa@timesonline.co.uk,Female,Malaysia,915
912,Ives,Dumbar,idumbarpb@loc.gov,Male,Tajikistan,90
913,Malissia,Shoebotham,mshoebothampc@mysql.com,Female,Benin,24892
914,Gertrud,Macieiczyk,gmacieiczykpd@msu.edu,Female,China,8
915,Gardy,MacDonough,gmacdonoughpe@mediafire.com,Male,Ukraine,72
916,Julita,Brian,jbrianpf@telegraph.co.uk,Female,China,3
917,Quintina,Crookshanks,qcrookshankspg@about.com,Female,Russia,60
918,Christoforo,Brockley,cbrockleyph@google.com.br,Male,Republic of the Congo,340
919,Rusty,Stading,rstadingpi@mtv.com,Male,Philippines,694
920,Bonny,McLellan,bmclellanpj@google.pl,Female,Portugal,523
921,Tasia,Eddleston,teddlestonpk@economist.com,Female,China,1
922,Netta,Shrieve,nshrievepl@auda.org.au,Female,Canada,32
923,Rachele,Nodes,rnodespm@blinklist.com,Female,Indonesia,97670
924,Care,Castanie,ccastaniepn@go.com,Male,China,0
925,Brooke,Gaynor,bgaynorpo@parallels.com,Female,Democratic Republic of the Congo,27
926,Florette,Trass,ftrasspp@mail.ru,Female,Philippines,67
927,Konrad,Horning,khorningpq@un.org,Male,Botswana,641
928,Sapphira,Sommerville,ssommervillepr@go.com,Female,Poland,910
929,Beatrisa,Deschlein,bdeschleinps@hostgator.com,Female,United States,7
930,Lion,Natt,lnattpt@storify.com,Male,China,5614
931,Kirk,Wingar,kwingarpu@sourceforge.net,Male,Luxembourg,76
932,Janifer,Ruddin,jruddinpv@webnode.com,Female,Greece,467
933,Giralda,Gannon,ggannonpw@newsvine.com,Female,Portugal,4
934,Rhea,Godsell,rgodsellpx@disqus.com,Female,Indonesia,4
935,Letitia,Hussey,lhusseypy@seesaa.net,Female,China,73273
936,Haily,Gonthard,hgonthardpz@unblog.fr,Female,Poland,428
937,Lilllie,Vondrach,lvondrachq0@gnu.org,Female,Ethiopia,3
938,Maighdiln,Fripps,mfrippsq1@mozilla.com,Female,Colombia,817
939,Louie,Zanni,lzanniq2@infoseek.co.jp,Male,China,69
940,Homerus,Casel,hcaselq3@amazonaws.com,Male,Mozambique,2
941,Shannan,Wonham,swonhamq4@msn.com,Male,Dominican Republic,2
942,Andros,Crommett,acrommettq5@i2i.jp,Male,Indonesia,2
943,Karylin,Fey,kfeyq6@homestead.com,Female,Brazil,599
944,Earlie,Tyson,etysonq7@youtube.com,Male,Poland,35
945,Bryn,O'Gleasane,bogleasaneq8@chron.com,Male,Russia,283
946,Claudianus,Dalling,cdallingq9@jigsy.com,Male,Philippines,6201
947,Carissa,McCague,cmccagueqa@paginegialle.it,Female,Haiti,6348
948,Moira,Beardmore,mbeardmoreqb@example.com,Female,Indonesia,2
949,Stefa,Ivshin,sivshinqc@sphinn.com,Female,Ukraine,38430
950,Denice,Kewley,dkewleyqd@unicef.org,Female,China,62
951,Georgetta,Quiddinton,gquiddintonqe@hatena.ne.jp,Female,Japan,3
952,Claudianus,Ranfield,cranfieldqf@nydailynews.com,Male,Philippines,72
953,Essie,Gudde,eguddeqg@liveinternet.ru,Female,Czech Republic,37
954,Farley,MacMenamie,fmacmenamieqh@rakuten.co.jp,Male,Sweden,8
955,Marnie,Copson,mcopsonqi@fda.gov,Female,China,1
956,Sander,Gloster,sglosterqj@sciencedirect.com,Male,Portugal,646
957,Rozalin,Berney,rberneyqk@japanpost.jp,Female,Kazakhstan,940
958,Murielle,Getten,mgettenql@constantcontact.com,Female,Indonesia,32070
959,Pammy,Russ,prussqm@wikimedia.org,Female,China,8
960,Celine,Mounce,cmounceqn@vkontakte.ru,Female,Japan,9565
961,Russ,Thundercliffe,rthundercliffeqo@chicagotribune.com,Male,Indonesia,0
962,Waverly,Jennemann,wjennemannqp@so-net.ne.jp,Male,Peru,72264
963,Angus,Gricks,agricksqq@mit.edu,Male,Brazil,926
964,Lowe,Matisse,lmatisseqr@gravatar.com,Male,China,50
965,Khalil,Quincey,kquinceyqs@home.pl,Male,Kosovo,81
966,Beverlie,O'Brogane,bobroganeqt@reverbnation.com,Female,Czech Republic,9
967,Delmore,Docharty,ddochartyqu@samsung.com,Male,China,5948
968,Freedman,Woolveridge,fwoolveridgeqv@ucoz.ru,Male,Czech Republic,29
969,Ava,Sweetlove,asweetloveqw@mediafire.com,Female,Sweden,8
970,Judas,Monkleigh,jmonkleighqx@fema.gov,Male,Portugal,710
971,Cathrin,Beddall,cbeddallqy@sina.com.cn,Female,France,178
972,Gradey,Bubeer,gbubeerqz@tuttocitta.it,Male,Macedonia,82536
973,Ric,Perview,rperviewr0@gizmodo.com,Male,Poland,0
974,Emlynn,Bentje,ebentjer1@posterous.com,Female,Philippines,3635
975,Cassandry,Baccup,cbaccupr2@woothemes.com,Female,Burkina Faso,25
976,Clerc,Beer,cbeerr3@fotki.com,Male,Portugal,6
977,Aura,Leverett,aleverettr4@apple.com,Female,Ireland,84
978,Kimberlyn,Davidou,kdavidour5@comcast.net,Female,Ukraine,5030
979,Humbert,Jouhning,hjouhningr6@lulu.com,Male,China,8
980,Griffy,Cousans,gcousansr7@youku.com,Male,China,49
981,Felicdad,Hammerberg,fhammerbergr8@smugmug.com,Female,Mexico,6
982,Gregorio,Baythorp,gbaythorpr9@wordpress.com,Male,France,218
983,Ree,Tournie,rtourniera@people.com.cn,Female,China,73708
984,Tamra,Charge,tchargerb@pen.io,Female,China,5
985,Hermine,Vango,hvangorc@nytimes.com,Female,Ukraine,7796
986,Aron,Berrow,aberrowrd@gov.uk,Male,Russia,923
987,Nolan,Mauvin,nmauvinre@simplemachines.org,Male,Peru,6
988,Euell,Blachford,eblachfordrf@tamu.edu,Male,Brazil,4532
989,Amalea,Jerman,ajermanrg@google.es,Female,Tanzania,4123
990,Lisa,Callf,lcallfrh@columbia.edu,Female,Russia,69
991,Ivett,Faas,ifaasri@nyu.edu,Female,Peru,1
992,Leontyne,Vedyaev,lvedyaevrj@huffingtonpost.com,Female,China,6672
993,Adda,Murkitt,amurkittrk@altervista.org,Female,Philippines,53
994,Hunfredo,Dober,hdoberrl@skype.com,Male,Philippines,88
995,Malchy,Marflitt,mmarflittrm@theguardian.com,Male,China,6
996,Penn,Stirrip,pstirriprn@tiny.cc,Male,Poland,56
997,Farly,Laugheran,flaugheranro@cbslocal.com,Male,Cape Verde,19
998,Judi,Tweedy,jtweedyrp@pbs.org,Female,Indonesia,6
999,Jaquenetta,Hallsworth,jhallsworthrq@salon.com,Female,Philippines,5451
1000,Olympie,Manske,omanskerr@prnewswire.com,Female,Vietnam,74
8,Reg,Balsom,rbalsom7.@foxnews.com,Male,Sweden,75124
8,Reg Balsom,Balsom,rbalsom72@foxnews.com,Male,Sweden,75124
10,Charil,Fishenden,cfishenden95@shareasale.com,Female,Indonesia,87627
10,Charil,Fishenden,cfishenden9_@shareasale.com,Female,Indonesia,87627
10,Charil Fishenden,Fishenden,cfishenden9-@shareasale.com,Female,Indonesia,87627
16,Forest,Southerns,fsouthernsf-@blogs.com,Male,Spain,73940
16,Forest,Southerns,fsouthernsf1@blogs.com,Male,Spain,73940
35,Amanda Hallex,Hallex,ahallexy4@jiathis.com,Female,Russia,653
35,Amanda,Hallex,ahallexy4@jiathis.com,Female,Russia,653
37,Ferdinand Screech,Screech,fscreech101@list-manage.com,Male,Russia,7663
38,Mayne Oade,Oade,moade114@studiopress.com,Male,Greece,8749
40,Abigale Leversha,Leversha,aleversha131@wix.com,Female,Belize,41
40,Abigale,Leversha,aleversha136@wix.com,Female,Belize,41
40,Abigale,Leversha,aleversha13_@wix.com,Female,Belize,41
41,Pattie Tousey,Tousey,ptousey146@businessweek.com,Female,France,9
52,Ameline Boocock,Boocock,aboocock1f5@reddit.com,Female,Portugal,6956
52,Ameline,Boocock,aboocock1f3@reddit.com,Female,Portugal,6956
52,Ameline Boocock,Boocock,aboocock1f_@reddit.com,Female,Portugal,6956
71,Meris Fassam,Fassam,mfassam1y_@seattletimes.com,Female,Greece,13597
73,Kaycee Caswall,Caswall,kcaswall202@alexa.com,Female,Poland,78
73,Kaycee,Caswall,kcaswall20_@alexa.com,Female,Poland,78
73,Kaycee Caswall,Caswall,kcaswall202@alexa.com,Female,Poland,78
73,Kaycee,Caswall,kcaswall201@alexa.com,Female,Poland,78
74,Rube,Petre,rpetre21-@mtv.com,Male,Uganda,2551
75,Sibylle,Pitts,spitts226@sciencedaily.com,Female,China,1713
75,Sibylle,Pitts,spitts223@sciencedaily.com,Female,China,1713
77,Brear Chisnall,Chisnall,bchisnall24_@time.com,Female,Poland,8
80,Alix,Kinnerk,akinnerk275@blogs.com,Female,France,65
80,Alix,Kinnerk,akinnerk276@blogs.com,Female,France,65
81,Ellsworth Madine,Madine,emadine286@patch.com,Male,Brazil,387
82,Garik Deener,Deener,gdeener29-@bing.com,Male,Sweden,5
84,Burtie Ozintsev,Ozintsev,bozintsev2b3@addtoany.com,Male,Russia,343
84,Burtie,Ozintsev,bozintsev2b4@addtoany.com,Male,Russia,343
86,Gabbey,Aspin,gaspin2d6@java.com,Female,Kenya,89
86,Gabbey Aspin,Aspin,gaspin2d4@java.com,Female,Kenya,89
87,Arturo,Fayers,afayers2e-@washington.edu,Male,Philippines,192
87,Arturo,Fayers,afayers2e-@washington.edu,Male,Philippines,192
87,Arturo,Fayers,afayers2e.@washington.edu,Male,Philippines,192
89,Haley,Purrier,hpurrier2g.@infoseek.co.jp,Male,Mexico,670
93,Cariotta Fernihough,Fernihough,cfernihough2k-@example.com,Female,Indonesia,483
93,Cariotta Fernihough,Fernihough,cfernihough2k4@example.com,Female,Indonesia,483
93,Cariotta Fernihough,Fernihough,cfernihough2k_@example.com,Female,Indonesia,483
93,Cariotta Fernihough,Fernihough,cfernihough2k-@example.com,Female,Indonesia,483
104,Neda Ossulton,Ossulton,nossulton2v3@fema.gov,Female,China,82139
104,Neda Ossulton,Ossulton,nossulton2v3@fema.gov,Female,China,82139
106,Carmel Dallimore,Dallimore,cdallimore2x-@godaddy.com,Female,Brazil,423
106,Carmel Dallimore,Dallimore,cdallimore2x4@godaddy.com,Female,Brazil,423
107,Harcourt,Wrennall,hwrennall2y_@imdb.com,Male,Vietnam,76
121,Brnaby O'Grada,O'Grada,bograda3c6@acquirethisname.com,Male,China,9854
121,Brnaby O'Grada,O'Grada,bograda3c1@acquirethisname.com,Male,China,9854
121,Brnaby,O'Grada,bograda3c4@acquirethisname.com,Male,China,9854
122,Catina,Aldcorn,caldcorn3d.@home.pl,Female,China,7322
122,Catina,Aldcorn,caldcorn3d3@home.pl,Female,China,7322
136,Maisie,Snozzwell,msnozzwell3r6@jiathis.com,Female,Estonia,994
136,Maisie Snozzwell,Snozzwell,msnozzwell3r-@jiathis.com,Female,Estonia,994
136,Maisie Snozzwell,Snozzwell,msnozzwell3r6@jiathis.com,Female,Estonia,994
136,Maisie Snozzwell,Snozzwell,msnozzwell3r1@jiathis.com,Female,Estonia,994
150,Inglis Mil,Mil,imil45_@nih.gov,Male,China,3335
150,Inglis Mil,Mil,imil452@nih.gov,Male,China,3335
150,Inglis Mil,Mil,imil452@nih.gov,Male,China,3335
153,Codee Boissier,Boissier,cboissier484@csmonitor.com,Female,Tajikistan,833
154,Stanislas Boutellier,Boutellier,sboutellier494@cornell.edu,Male,Colombia,28778
154,Stanislas,Boutellier,sboutellier495@cornell.edu,Male,Colombia,28778
154,Stanislas,Boutellier,sboutellier495@cornell.edu,Male,Colombia,28778
155,Luelle,Motte,lmotte4a4@google.cn,Female,Tunisia,60
155,Luelle Motte,Motte,lmotte4a_@google.cn,Female,Tunisia,60
155,Luelle,Motte,lmotte4a4@google.cn,Female,Tunisia,60
156,Dewitt,Steketee,dsteketee4b2@squarespace.com,Male,Indonesia,1802
156,Dewitt,Steketee,dsteketee4b1@squarespace.com,Male,Indonesia,1802
156,Dewitt Steketee,Steketee,dsteketee4b5@squarespace.com,Male,Indonesia,1802
156,Dewitt,Steketee,dsteketee4b3@squarespace.com,Male,Indonesia,1802
176,Alwyn Rockcliffe,Rockcliffe,arockcliffe4v_@usa.gov,Male,Indonesia,88
176,Alwyn,Rockcliffe,arockcliffe4v-@usa.gov,Male,Indonesia,88
176,Alwyn,Rockcliffe,arockcliffe4v6@usa.gov,Male,Indonesia,88
177,Curran Fall,Fall,cfall4w5@domainmarket.com,Male,Netherlands,36528
177,Curran Fall,Fall,cfall4w4@domainmarket.com,Male,Netherlands,36528
177,Curran,Fall,cfall4w-@domainmarket.com,Male,Netherlands,36528
177,Curran,Fall,cfall4w5@domainmarket.com,Male,Netherlands,36528
178,Glenn,O'Kinedy,gokinedy4x3@hc360.com,Female,Georgia,0
178,Glenn O'Kinedy,O'Kinedy,gokinedy4x5@hc360.com,Female,Georgia,0
178,Glenn O'Kinedy,O'Kinedy,gokinedy4x1@hc360.com,Female,Georgia,0
185,Timmie,Wallentin,twallentin54.@skyrock.com,Male,Russia,15
188,Dore,Crocroft,dcrocroft573@prlog.org,Male,Sweden,1
188,Dore Crocroft,Crocroft,dcrocroft573@prlog.org,Male,Sweden,1
188,Dore,Crocroft,dcrocroft57-@prlog.org,Male,Sweden,1
191,Thain Orpen,Orpen,torpen5a_@mysql.com,Male,Philippines,4
192,Eyde Mayling,Mayling,emayling5b_@webeden.co.uk,Female,Vietnam,49649
192,Eyde Mayling,Mayling,emayling5b3@webeden.co.uk,Female,Vietnam,49649
192,Eyde,Mayling,emayling5b3@webeden.co.uk,Female,Vietnam,49649
196,Zarah Stovin,Stovin,zstovin5f_@domainmarket.com,Female,China,5740
199,Tulley,Witheford,twitheford5i2@cnet.com,Male,South Africa,24772
199,Tulley Witheford,Witheford,twitheford5i2@cnet.com,Male,South Africa,24772
199,Tulley,Witheford,twitheford5i.@cnet.com,Male,South Africa,24772
199,Tulley,Witheford,twitheford5i1@cnet.com,Male,South Africa,24772
211,Peggy Handasyde,Handasyde,phandasyde5u.@army.mil,Female,China,89169
218,Emerson Gregorace,Gregorace,egregorace611@printfriendly.com,Male,Mozambique,219
218,Emerson Gregorace,Gregorace,egregorace616@printfriendly.com,Male,Mozambique,219
233,Dasie Grimstead,Grimstead,dgrimstead6g.@gov.uk,Female,Spain,29
234,Orson Rivallant,Rivallant,orivallant6h4@bbc.co.uk,Male,Ireland,16110
234,Orson Rivallant,Rivallant,orivallant6h4@bbc.co.uk,Male,Ireland,16110
240,Phebe Cellier,Cellier,pcellier6n_@myspace.com,Female,China,981
240,Phebe,Cellier,pcellier6n2@myspace.com,Female,China,981
241,Eward MacLise,MacLise,emaclise6o5@utexas.edu,Male,Indonesia,36764
241,Eward MacLise,MacLise,emaclise6o5@utexas.edu,Male,Indonesia,36764
241,Eward MacLise,MacLise,emaclise6o5@utexas.edu,Male,Indonesia,36764
242,Eleanore Hallad,Hallad,ehallad6p_@weather.com,Female,Malaysia,689
242,Eleanore,Hallad,ehallad6p.@weather.com,Female,Malaysia,689
246,Shawn,Studders,sstudders6t_@yale.edu,Male,Russia,46612
246,Shawn,Studders,sstudders6t4@yale.edu,Male,Russia,46612
246,Shawn,Studders,sstudders6t_@yale.edu,Male,Russia,46612
247,Cornela,Fincham,cfincham6u1@t.co,Female,Belarus,18
247,Cornela Fincham,Fincham,cfincham6u_@t.co,Female,Belarus,18
253,Glad Hembry,Hembry,ghembry703@elegantthemes.com,Female,Philippines,2
253,Glad,Hembry,ghembry706@elegantthemes.com,Female,Philippines,2
253,Glad,Hembry,ghembry70_@elegantthemes.com,Female,Philippines,2
253,Glad,Hembry,ghembry705@elegantthemes.com,Female,Philippines,2
260,Sandi,Jardein,sjardein775@ow.ly,Female,Poland,7
260,Sandi,Jardein,sjardein774@ow.ly,Female,Poland,7
264,Kort,Bonder,kbonder7b1@w3.org,Male,Peru,73461
264,Kort,Bonder,kbonder7b_@w3.org,Male,Peru,73461
264,Kort,Bonder,kbonder7b1@w3.org,Male,Peru,73461
264,Kort Bonder,Bonder,kbonder7b.@w3.org,Male,Peru,73461
270,Ynes,Ruddell,yruddell7h5@netvibes.com,Female,South Korea,3775
270,Ynes,Ruddell,yruddell7h4@netvibes.com,Female,South Korea,3775
272,Alwyn McArte,McArte,amcarte7j4@cargocollective.com,Male,United States,4371
272,Alwyn,McArte,amcarte7j_@cargocollective.com,Male,United States,4371
272,Alwyn,McArte,amcarte7j6@cargocollective.com,Male,United States,4371
279,Glenn Sweeting,Sweeting,gsweeting7q_@meetup.com,Female,China,54997
282,Tiff,Vidloc,tvidloc7t.@ehow.com,Female,Poland,40851
282,Tiff,Vidloc,tvidloc7t2@ehow.com,Female,Poland,40851
282,Tiff Vidloc,Vidloc,tvidloc7t6@ehow.com,Female,Poland,40851
282,Tiff Vidloc,Vidloc,tvidloc7t1@ehow.com,Female,Poland,40851
292,Sinclair Setterthwait,Setterthwait,ssetterthwait83.@bloglovin.com,Male,Indonesia,5612
292,Sinclair Setterthwait,Setterthwait,ssetterthwait832@bloglovin.com,Male,Indonesia,5612
298,Yank,Dederich,ydederich89-@examiner.com,Male,Indonesia,8
305,Camella Macveigh,Macveigh,cmacveigh8g4@va.gov,Female,Japan,61080
305,Camella Macveigh,Macveigh,cmacveigh8g.@va.gov,Female,Japan,61080
305,Camella,Macveigh,cmacveigh8g1@va.gov,Female,Japan,61080
307,Ahmed MacHoste,MacHoste,amachoste8i_@cbsnews.com,Male,Iran,225
307,Ahmed,MacHoste,amachoste8i3@cbsnews.com,Male,Iran,225
311,Darleen,Pettingall,dpettingall8m_@sciencedirect.com,Female,Panama,9399
311,Darleen,Pettingall,dpettingall8m-@sciencedirect.com,Female,Panama,9399
312,Rakel,Bartoszewski,rbartoszewski8n6@hubpages.com,Female,China,1
320,Meggy,Penquet,mpenquet8v5@vistaprint.com,Female,Senegal,6929
320,Meggy Penquet,Penquet,mpenquet8v3@vistaprint.com,Female,Senegal,6929
320,Meggy Penquet,Penquet,mpenquet8v5@vistaprint.com,Female,Senegal,6929
320,Meggy Penquet,Penquet,mpenquet8v1@vistaprint.com,Female,Senegal,6929
321,Vern,Pender,vpender8w3@adobe.com,Male,China,81544
321,Vern,Pender,vpender8w2@adobe.com,Male,China,81544
323,Jenny,Bonhomme,jbonhomme8y6@bluehost.com,Female,China,9188
331,Katrine,Vinker,kvinker962@artisteer.com,Female,Finland,53594
331,Katrine Vinker,Vinker,kvinker965@artisteer.com,Female,Finland,53594
331,Katrine,Vinker,kvinker962@artisteer.com,Female,Finland,53594
333,Kerry,Pideon,kpideon986@technorati.com,Male,Armenia,23908
342,Josias,Jeduch,jjeduch9h.@mlb.com,Male,China,5
342,Josias,Jeduch,jjeduch9h2@mlb.com,Male,China,5
342,Josias,Jeduch,jjeduch9h-@mlb.com,Male,China,5
355,Bartlett,Cake,bcake9u2@unblog.fr,Male,China,7718
355,Bartlett,Cake,bcake9u_@unblog.fr,Male,China,7718
355,Bartlett,Cake,bcake9u2@unblog.fr,Male,China,7718
357,Germayne Seleway,Seleway,gseleway9w.@blogtalkradio.com,Male,Czech Republic,9
357,Germayne,Seleway,gseleway9w2@blogtalkradio.com,Male,Czech Republic,9
358,Demetre,Pilmore,dpilmore9x5@fastcompany.com,Male,Russia,0
358,Demetre Pilmore,Pilmore,dpilmore9x_@fastcompany.com,Male,Russia,0
358,Demetre Pilmore,Pilmore,dpilmore9x1@fastcompany.com,Male,Russia,0
358,Demetre Pilmore,Pilmore,dpilmore9x1@fastcompany.com,Male,Russia,0
365,Jilleen Grima,Grima,jgrimaa41@lulu.com,Female,Sierra Leone,4622
365,Jilleen Grima,Grima,jgrimaa41@lulu.com,Female,Sierra Leone,4622
370,Madelina Harlow,Harlow,mharlowa93@addthis.com,Female,Russia,2129
370,Madelina,Harlow,mharlowa93@addthis.com,Female,Russia,2129
370,Madelina Harlow,Harlow,mharlowa92@addthis.com,Female,Russia,2129
372,Myer Shipsey,Shipsey,mshipseyab2@archive.org,Male,Colombia,56
383,Florentia,Brettle,fbrettleam3@surveymonkey.com,Female,Poland,89
383,Florentia,Brettle,fbrettleam3@surveymonkey.com,Female,Poland,89
383,Florentia,Brettle,fbrettleam2@surveymonkey.com,Female,Poland,89
383,Florentia,Brettle,fbrettleam.@surveymonkey.com,Female,Poland,89
405,Flinn Ions,Ions,fionsb8-@phpbb.com,Male,Myanmar,3079
405,Flinn,Ions,fionsb8_@phpbb.com,Male,Myanmar,3079
408,Charissa Eadmead,Eadmead,ceadmeadbb1@quantcast.com,Female,Indonesia,46729
411,Victoir,Delagua,vdelaguabe6@ucoz.com,Male,China,6
411,Victoir,Delagua,vdelaguabe3@ucoz.com,Male,China,6
412,Dallon,Hernik,dhernikbf_@loc.gov,Male,Greece,6015
412,Dallon,Hernik,dhernikbf_@loc.gov,Male,Greece,6015
412,Dallon Hernik,Hernik,dhernikbf4@loc.gov,Male,Greece,6015
412,Dallon,Hernik,dhernikbf-@loc.gov,Male,Greece,6015
418,Dorothy Beringer,Beringer,dberingerbl_@amazon.com,Female,China,4
418,Dorothy Beringer,Beringer,dberingerbl4@amazon.com,Female,China,4
418,Dorothy Beringer,Beringer,dberingerbl5@amazon.com,Female,China,4
419,Scot,Lamlin,slamlinbm3@scribd.com,Male,China,56
419,Scot,Lamlin,slamlinbm4@scribd.com,Male,China,56
425,Shelby Gioan,Gioan,sgioanbs5@hibu.com,Female,Cyprus,28
425,Shelby Gioan,Gioan,sgioanbs.@hibu.com,Female,Cyprus,28
425,Shelby,Gioan,sgioanbs4@hibu.com,Female,Cyprus,28
425,Shelby,Gioan,sgioanbs-@hibu.com,Female,Cyprus,28
427,Lizzie,Wogdon,lwogdonbu3@mysql.com,Female,Greece,399
427,Lizzie,Wogdon,lwogdonbu2@mysql.com,Female,Greece,399
427,Lizzie,Wogdon,lwogdonbu-@mysql.com,Female,Greece,399
429,Morse Palk,Palk,mpalkbw3@xinhuanet.com,Male,Indonesia,55881
429,Morse,Palk,mpalkbw3@xinhuanet.com,Male,Indonesia,55881
429,Morse Palk,Palk,mpalkbw3@xinhuanet.com,Male,Indonesia,55881
429,Morse,Palk,mpalkbw3@xinhuanet.com,Male,Indonesia,55881
451,Rube Gallant,Gallant,rgallantci-@blogtalkradio.com,Male,Sweden,38115
451,Rube Gallant,Gallant,rgallantci6@blogtalkradio.com,Male,Sweden,38115
451,Rube,Gallant,rgallantci-@blogtalkradio.com,Male,Sweden,38115
453,Hadley,Croal,hcroalck4@yellowbook.com,Male,Peru,82016
453,Hadley Croal,Croal,hcroalck.@yellowbook.com,Male,Peru,82016
459,Lianna Loche,Loche,llochecq6@hc360.com,Female,Indonesia,84
459,Lianna,Loche,llochecq3@hc360.com,Female,Indonesia,84
459,Lianna Loche,Loche,llochecq2@hc360.com,Female,Indonesia,84
463,Cassius,Shemmin,cshemmincu6@mapquest.com,Male,Russia,8262
463,Cassius,Shemmin,cshemmincu-@mapquest.com,Male,Russia,8262
463,Cassius Shemmin,Shemmin,cshemmincu.@mapquest.com,Male,Russia,8262
472,Jeane,Karlsson,jkarlssond32@goo.gl,Female,Russia,85
472,Jeane,Karlsson,jkarlssond31@goo.gl,Female,Russia,85
473,Hersh Garden,Garden,hgardend45@opensource.org,Male,China,470
473,Hersh,Garden,hgardend4-@opensource.org,Male,China,470
473,Hersh,Garden,hgardend42@opensource.org,Male,China,470
479,De witt De Fraine,De Fraine,ddefraineda2@epa.gov,Male,United States,8
479,De witt,De Fraine,ddefraineda4@epa.gov,Male,United States,8
479,De witt De Fraine,De Fraine,ddefraineda2@epa.gov,Male,United States,8
479,De witt,De Fraine,ddefraineda.@epa.gov,Male,United States,8
491,Sawyere,Brabyn,sbrabyndm2@cisco.com,Male,Indonesia,2
491,Sawyere Brabyn,Brabyn,sbrabyndm5@cisco.com,Male,Indonesia,2
491,Sawyere Brabyn,Brabyn,sbrabyndm4@cisco.com,Male,Indonesia,2
491,Sawyere Brabyn,Brabyn,sbrabyndm6@cisco.com,Male,Indonesia,2
498,Waylon,Hubbart,whubbartdt3@japanpost.jp,Male,Serbia,55
498,Waylon Hubbart,Hubbart,whubbartdt4@japanpost.jp,Male,Serbia,55
498,Waylon Hubbart,Hubbart,whubbartdt_@japanpost.jp,Male,Serbia,55
501,Jonathon Alan,Alan,jalandw5@hud.gov,Male,New Zealand,65102
501,Jonathon,Alan,jalandw-@hud.gov,Male,New Zealand,65102
501,Jonathon,Alan,jalandw3@hud.gov,Male,New Zealand,65102
501,Jonathon Alan,Alan,jalandw-@hud.gov,Male,New Zealand,65102
504,Elisabetta Dubock,Dubock,edubockdz5@theglobeandmail.com,Female,Belarus,9351
506,Audy Belfrage,Belfrage,abelfragee1-@phoca.cz,Female,Philippines,47721
531,Kin Yirrell,Yirrell,kyirrelleq5@pinterest.com,Male,Pakistan,3351
537,Valery,MacClure,vmacclureew.@dedecms.com,Female,United Kingdom,8107
537,Valery,MacClure,vmacclureew6@dedecms.com,Female,United Kingdom,8107
537,Valery,MacClure,vmacclureew2@dedecms.com,Female,United Kingdom,8107
537,Valery MacClure,MacClure,vmacclureew6@dedecms.com,Female,United Kingdom,8107
538,Gregorio Kinnane,Kinnane,gkinnaneex2@sciencedirect.com,Male,Iran,92715
538,Gregorio,Kinnane,gkinnaneex2@sciencedirect.com,Male,Iran,92715
538,Gregorio Kinnane,Kinnane,gkinnaneex_@sciencedirect.com,Male,Iran,92715
539,Abagael Crush,Crush,acrushey.@woothemes.com,Female,United States,0
539,Abagael Crush,Crush,acrushey-@woothemes.com,Female,United States,0
539,Abagael Crush,Crush,acrushey4@woothemes.com,Female,United States,0
547,Henka Withers,Withers,hwithersf61@artisteer.com,Female,China,791
566,Ulrikaumeko Tomowicz,Tomowicz,utomowiczfp5@adobe.com,Female,Sierra Leone,407
566,Ulrikaumeko,Tomowicz,utomowiczfp4@adobe.com,Female,Sierra Leone,407
566,Ulrikaumeko Tomowicz,Tomowicz,utomowiczfp6@adobe.com,Female,Sierra Leone,407
571,Brigid,Reichartz,breichartzfu5@surveymonkey.com,Female,Russia,2
571,Brigid Reichartz,Reichartz,breichartzfu1@surveymonkey.com,Female,Russia,2
574,Perry Waltering,Waltering,pwalteringfx4@eventbrite.com,Female,Poland,8782
574,Perry Waltering,Waltering,pwalteringfx-@eventbrite.com,Female,Poland,8782
574,Perry Waltering,Waltering,pwalteringfx4@eventbrite.com,Female,Poland,8782
576,Reinaldo,Binnes,rbinnesfz4@adobe.com,Male,Colombia,73
576,Reinaldo,Binnes,rbinnesfz.@adobe.com,Male,Colombia,73
576,Reinaldo,Binnes,rbinnesfz3@adobe.com,Male,Colombia,73
586,Rosalind Holworth,Holworth,rholworthg96@paypal.com,Female,Poland,790
586,Rosalind Holworth,Holworth,rholworthg93@paypal.com,Female,Poland,790
590,Blisse Doore,Doore,bdooregd-@blogs.com,Female,Indonesia,524
590,Blisse,Doore,bdooregd4@blogs.com,Female,Indonesia,524
604,Alwyn Tumilson,Tumilson,atumilsongr6@skyrock.com,Male,China,35
612,Abe,Obispo,aobispogz5@pbs.org,Male,Sweden,243
612,Abe Obispo,Obispo,aobispogz4@pbs.org,Male,Sweden,243
625,Paxton Iskowitz,Iskowitz,piskowitzhc.@odnoklassniki.ru,Male,Kenya,155
625,Paxton Iskowitz,Iskowitz,piskowitzhc4@odnoklassniki.ru,Male,Kenya,155
625,Paxton,Iskowitz,piskowitzhc5@odnoklassniki.ru,Male,Kenya,155
625,Paxton,Iskowitz,piskowitzhc6@odnoklassniki.ru,Male,Kenya,155
626,Barnie,Llopis,bllopishd5@nationalgeographic.com,Male,Poland,70
626,Barnie Llopis,Llopis,bllopishd.@nationalgeographic.com,Male,Poland,70
626,Barnie,Llopis,bllopishd6@nationalgeographic.com,Male,Poland,70
626,Barnie Llopis,Llopis,bllopishd3@nationalgeographic.com,Male,Poland,70
627,Phyllida Knightsbridge,Knightsbridge,pknightsbridgehe.@linkedin.com,Female,Georgia,17
627,Phyllida,Knightsbridge,pknightsbridgehe6@linkedin.com,Female,Georgia,17
628,Nelia Gudeman,Gudeman,ngudemanhf.@nydailynews.com,Female,Argentina,14
628,Nelia,Gudeman,ngudemanhf-@nydailynews.com,Female,Argentina,14
628,Nelia,Gudeman,ngudemanhf6@nydailynews.com,Female,Argentina,14
631,Dulcy,Templeton,dtempletonhi1@cyberchimps.com,Female,Russia,419
631,Dulcy Templeton,Templeton,dtempletonhi5@cyberchimps.com,Female,Russia,419
638,Marys Camplen,Camplen,mcamplenhp6@nyu.edu,Female,Brazil,2
640,Frederick Peniello,Peniello,fpeniellohr.@creativecommons.org,Male,China,50
641,Alli Brecknall,Brecknall,abrecknallhs-@gravatar.com,Female,Canada,9773
641,Alli,Brecknall,abrecknallhs-@gravatar.com,Female,Canada,9773
641,Alli,Brecknall,abrecknallhs_@gravatar.com,Female,Canada,9773
654,Debi Lawther,Lawther,dlawtheri51@ibm.com,Female,Ukraine,8
654,Debi Lawther,Lawther,dlawtheri51@ibm.com,Female,Ukraine,8
654,Debi Lawther,Lawther,dlawtheri52@ibm.com,Female,Ukraine,8
656,Nina,Fouch,nfouchi7-@delicious.com,Female,Sweden,8433
657,Sholom,Baldrick,sbaldricki8.@mozilla.com,Male,Egypt,20
657,Sholom,Baldrick,sbaldricki85@mozilla.com,Male,Egypt,20
657,Sholom Baldrick,Baldrick,sbaldricki85@mozilla.com,Male,Egypt,20
657,Sholom,Baldrick,sbaldricki85@mozilla.com,Male,Egypt,20
666,Tymothy Raun,Raun,traunih1@usa.gov,Male,Benin,8
666,Tymothy Raun,Raun,traunih3@usa.gov,Male,Benin,8
671,Halette Witsey,Witsey,hwitseyim6@de.vu,Female,Indonesia,6
672,Omar,Winterton,owintertonin3@google.com.hk,Male,Indonesia,2451
672,Omar,Winterton,owintertonin-@google.com.hk,Male,Indonesia,2451
672,Omar Winterton,Winterton,owintertonin.@google.com.hk,Male,Indonesia,2451
672,Omar,Winterton,owintertonin.@google.com.hk,Male,Indonesia,2451
678,Linc MacCorkell,MacCorkell,lmaccorkellit2@marketwatch.com,Male,Serbia,703
678,Linc,MacCorkell,lmaccorkellit-@marketwatch.com,Male,Serbia,703
688,Nichole,Leisk,nleiskj35@jiathis.com,Female,Kuwait,88
688,Nichole Leisk,Leisk,nleiskj3-@jiathis.com,Female,Kuwait,88
696,Shawna Lancett,Lancett,slancettjb2@fema.gov,Female,Russia,4
696,Shawna,Lancett,slancettjb_@fema.gov,Female,Russia,4
696,Shawna,Lancett,slancettjb5@fema.gov,Female,Russia,4
698,Clovis Ham,Ham,chamjd2@geocities.jp,Female,Azerbaijan,919
698,Clovis,Ham,chamjd6@geocities.jp,Female,Azerbaijan,919
698,Clovis Ham,Ham,chamjd5@geocities.jp,Female,Azerbaijan,919
700,Leslie,Prall,lpralljf4@tiny.cc,Female,Colombia,647
700,Leslie,Prall,lpralljf_@tiny.cc,Female,Colombia,647
701,Der Gerraty,Gerraty,dgerratyjg6@woothemes.com,Male,Sweden,3
705,Arni,Leppard,aleppardjk3@woothemes.com,Male,Israel,413
705,Arni,Leppard,aleppardjk3@woothemes.com,Male,Israel,413
708,Jazmin McKerley,McKerley,jmckerleyjn_@mozilla.com,Female,Azerbaijan,45
708,Jazmin McKerley,McKerley,jmckerleyjn3@mozilla.com,Female,Azerbaijan,45
708,Jazmin McKerley,McKerley,jmckerleyjn1@mozilla.com,Female,Azerbaijan,45
711,Ally,Marmon,amarmonjq3@quantcast.com,Female,Argentina,46
711,Ally Marmon,Marmon,amarmonjq4@quantcast.com,Female,Argentina,46
711,Ally,Marmon,amarmonjq_@quantcast.com,Female,Argentina,46
711,Ally Marmon,Marmon,amarmonjq2@quantcast.com,Female,Argentina,46
719,Maxie Kuschel,Kuschel,mkuscheljy6@over-blog.com,Male,Portugal,73
719,Maxie Kuschel,Kuschel,mkuscheljy3@over-blog.com,Male,Portugal,73
719,Maxie,Kuschel,mkuscheljy2@over-blog.com,Male,Portugal,73
719,Maxie Kuschel,Kuschel,mkuscheljy_@over-blog.com,Male,Portugal,73
720,Therine Trangmar,Trangmar,ttrangmarjz5@icq.com,Female,Portugal,416
734,Kelley,Sharpling,ksharplingkd5@mtv.com,Male,China,89
734,Kelley,Sharpling,ksharplingkd2@mtv.com,Male,China,89
737,Katalin Colthurst,Colthurst,kcolthurstkg6@fotki.com,Female,Democratic Republic of the Congo,42
737,Katalin Colthurst,Colthurst,kcolthurstkg_@fotki.com,Female,Democratic Republic of the Congo,42
737,Katalin,Colthurst,kcolthurstkg.@fotki.com,Female,Democratic Republic of the Congo,42
739,Paulette,Heephy,pheephyki6@tamu.edu,Female,Portugal,8076
739,Paulette Heephy,Heephy,pheephyki4@tamu.edu,Female,Portugal,8076
739,Paulette Heephy,Heephy,pheephyki2@tamu.edu,Female,Portugal,8076
740,Vallie,Tickel,vtickelkj4@hubpages.com,Female,Mongolia,6
743,Constancy Philcox,Philcox,cphilcoxkm.@hud.gov,Female,Morocco,8786
743,Constancy,Philcox,cphilcoxkm5@hud.gov,Female,Morocco,8786
743,Constancy Philcox,Philcox,cphilcoxkm-@hud.gov,Female,Morocco,8786
743,Constancy Philcox,Philcox,cphilcoxkm3@hud.gov,Female,Morocco,8786
745,Bunni D'Ugo,D'Ugo,bdugoko1@youtube.com,Female,Sweden,77599
745,Bunni,D'Ugo,bdugoko.@youtube.com,Female,Sweden,77599
748,Bonnie Tidcomb,Tidcomb,btidcombkr4@stanford.edu,Female,Chile,62213
748,Bonnie Tidcomb,Tidcomb,btidcombkr2@stanford.edu,Female,Chile,62213
750,Tore Aartsen,Aartsen,taartsenkt2@delicious.com,Male,China,53
750,Tore Aartsen,Aartsen,taartsenkt-@delicious.com,Male,China,53
751,Noll,Olenichev,nolenichevku3@domainmarket.com,Male,Sierra Leone,1531
751,Noll,Olenichev,nolenichevku3@domainmarket.com,Male,Sierra Leone,1531
751,Noll,Olenichev,nolenichevku2@domainmarket.com,Male,Sierra Leone,1531
751,Noll,Olenichev,nolenichevku6@domainmarket.com,Male,Sierra Leone,1531
757,Myriam,Simao,msimaol04@bbb.org,Female,Bolivia,32608
757,Myriam,Simao,msimaol0.@bbb.org,Female,Bolivia,32608
759,Jeane,Frances,jfrancesl24@g.co,Female,Sierra Leone,10
759,Jeane,Frances,jfrancesl21@g.co,Female,Sierra Leone,10
759,Jeane Frances,Frances,jfrancesl23@g.co,Female,Sierra Leone,10
765,Patrizia Battey,Battey,pbatteyl82@webs.com,Female,China,23401
766,Claresta Demann,Demann,cdemannl91@sakura.ne.jp,Female,Brazil,903
766,Claresta Demann,Demann,cdemannl93@sakura.ne.jp,Female,Brazil,903
768,Pierce Padefield,Padefield,ppadefieldlb-@house.gov,Male,Gambia,256
777,Randal Broader,Broader,rbroaderlk_@diigo.com,Male,Poland,4973
783,Laurie Saladino,Saladino,lsaladinolq1@digg.com,Male,China,34295
785,Lynette Ransom,Ransom,lransomls.@cnet.com,Female,Honduras,31651
789,Arabelle,Madders,amadderslw5@addthis.com,Female,Togo,57
798,Beltran Civitillo,Civitillo,bcivitillom5.@exblog.jp,Male,Portugal,56
798,Beltran Civitillo,Civitillo,bcivitillom52@exblog.jp,Male,Portugal,56
798,Beltran Civitillo,Civitillo,bcivitillom51@exblog.jp,Male,Portugal,56
802,Davy Skentelbery,Skentelbery,dskentelberym9-@mapquest.com,Male,Armenia,6409
803,Nestor,Truckell,ntruckellma6@archive.org,Male,Libya,37
803,Nestor Truckell,Truckell,ntruckellma5@archive.org,Male,Libya,37
808,Renata Sheekey,Sheekey,rsheekeymf_@elegantthemes.com,Female,China,474
810,Nil,Zimmerman,nzimmermanmh2@tinypic.com,Male,Georgia,472
811,Samuele Beagin,Beagin,sbeaginmi5@cloudflare.com,Male,Greece,55
811,Samuele Beagin,Beagin,sbeaginmi4@cloudflare.com,Male,Greece,55
811,Samuele Beagin,Beagin,sbeaginmi1@cloudflare.com,Male,Greece,55
811,Samuele Beagin,Beagin,sbeaginmi6@cloudflare.com,Male,Greece,55
812,Dorothea Trundell,Trundell,dtrundellmj_@ucla.edu,Female,United States,0
812,Dorothea,Trundell,dtrundellmj5@ucla.edu,Female,United States,0
815,De witt Lacase,Lacase,dlacasemm1@paypal.com,Male,China,9
815,De witt,Lacase,dlacasemm6@paypal.com,Male,China,9
815,De witt,Lacase,dlacasemm1@paypal.com,Male,China,9
821,Camella Rickesies,Rickesies,crickesiesms3@biblegateway.com,Female,Russia,8664
821,Camella Rickesies,Rickesies,crickesiesms5@biblegateway.com,Female,Russia,8664
821,Camella,Rickesies,crickesiesms1@biblegateway.com,Female,Russia,8664
826,Fitzgerald Piniur,Piniur,fpiniurmx4@microsoft.com,Male,Sweden,0
826,Fitzgerald Piniur,Piniur,fpiniurmx4@microsoft.com,Male,Sweden,0
826,Fitzgerald Piniur,Piniur,fpiniurmx6@microsoft.com,Male,Sweden,0
826,Fitzgerald Piniur,Piniur,fpiniurmx4@microsoft.com,Male,Sweden,0
831,Gelya Gavin,Gavin,ggavinn26@merriam-webster.com,Female,Poland,20
837,Saw,McIlvoray,smcilvorayn8_@irs.gov,Male,Serbia,3
837,Saw McIlvoray,McIlvoray,smcilvorayn8_@irs.gov,Male,Serbia,3
837,Saw,McIlvoray,smcilvorayn85@irs.gov,Male,Serbia,3
840,Delainey,Ussher,dusshernb6@apache.org,Male,Sweden,7
849,Viv Rubinowitch,Rubinowitch,vrubinowitchnk.@wiley.com,Female,Thailand,57538
849,Viv,Rubinowitch,vrubinowitchnk3@wiley.com,Female,Thailand,57538
852,Diahann,Dibsdale,ddibsdalenn.@house.gov,Female,Indonesia,46
852,Diahann,Dibsdale,ddibsdalenn2@house.gov,Female,Indonesia,46
852,Diahann,Dibsdale,ddibsdalenn1@house.gov,Female,Indonesia,46
852,Diahann,Dibsdale,ddibsdalenn5@house.gov,Female,Indonesia,46
858,Brena,Liffe,bliffent2@gravatar.com,Female,Uganda,5
858,Brena Liffe,Liffe,bliffent_@gravatar.com,Female,Uganda,5
858,Brena Liffe,Liffe,bliffent3@gravatar.com,Female,Uganda,5
858,Brena,Liffe,bliffent4@gravatar.com,Female,Uganda,5
863,Bud,Gladtbach,bgladtbachny2@walmart.com,Male,Sweden,3
863,Bud,Gladtbach,bgladtbachny5@walmart.com,Male,Sweden,3
869,Claire,Coarser,ccoarsero44@globo.com,Male,Indonesia,8927
869,Claire Coarser,Coarser,ccoarsero4-@globo.com,Male,Indonesia,8927
869,Claire,Coarser,ccoarsero41@globo.com,Male,Indonesia,8927
869,Claire Coarser,Coarser,ccoarsero46@globo.com,Male,Indonesia,8927
871,Murvyn,Briance,mbrianceo6.@usda.gov,Male,China,434
871,Murvyn Briance,Briance,mbrianceo63@usda.gov,Male,China,434
871,Murvyn,Briance,mbrianceo62@usda.gov,Male,China,434
873,Lavina Smithson,Smithson,lsmithsono85@networkadvertising.org,Female,Ukraine,4136
873,Lavina Smithson,Smithson,lsmithsono82@networkadvertising.org,Female,Ukraine,4136
873,Lavina Smithson,Smithson,lsmithsono81@networkadvertising.org,Female,Ukraine,4136
876,Brandice Fishly,Fishly,bfishlyob3@slashdot.org,Female,China,9303
876,Brandice,Fishly,bfishlyob.@slashdot.org,Female,China,9303
876,Brandice Fishly,Fishly,bfishlyob.@slashdot.org,Female,China,9303
876,Brandice Fishly,Fishly,bfishlyob3@slashdot.org,Female,China,9303
883,Kerrin,Dudney,kdudneyoi5@w3.org,Female,Venezuela,813
883,Kerrin Dudney,Dudney,kdudneyoi1@w3.org,Female,Venezuela,813
883,Kerrin Dudney,Dudney,kdudneyoi3@w3.org,Female,Venezuela,813
883,Kerrin Dudney,Dudney,kdudneyoi2@w3.org,Female,Venezuela,813
888,Aubry,Jaggs,ajaggson-@soup.io,Female,China,25
888,Aubry Jaggs,Jaggs,ajaggson5@soup.io,Female,China,25
888,Aubry Jaggs,Jaggs,ajaggson4@soup.io,Female,China,25
890,York Danihelka,Danihelka,ydanihelkaop1@latimes.com,Male,Iran,33316
901,Abrahan Gabits,Gabits,agabitsp06@marriott.com,Male,Indonesia,20
901,Abrahan Gabits,Gabits,agabitsp02@marriott.com,Male,Indonesia,20
901,Abrahan,Gabits,agabitsp03@marriott.com,Male,Indonesia,20
901,Abrahan Gabits,Gabits,agabitsp06@marriott.com,Male,Indonesia,20
906,Dorie,Akram,dakramp55@delicious.com,Female,France,32
911,Lavena,Coultard,lcoultardpa1@timesonline.co.uk,Female,Malaysia,915
915,Gardy,MacDonough,gmacdonoughpe5@mediafire.com,Male,Ukraine,72
915,Gardy MacDonough,MacDonough,gmacdonoughpe4@mediafire.com,Male,Ukraine,72
915,Gardy MacDonough,MacDonough,gmacdonoughpe5@mediafire.com,Male,Ukraine,72
915,Gardy,MacDonough,gmacdonoughpe5@mediafire.com,Male,Ukraine,72
917,Quintina,Crookshanks,qcrookshankspg5@about.com,Female,Russia,60
917,Quintina Crookshanks,Crookshanks,qcrookshankspg-@about.com,Female,Russia,60
917,Quintina,Crookshanks,qcrookshankspg1@about.com,Female,Russia,60
917,Quintina Crookshanks,Crookshanks,qcrookshankspg-@about.com,Female,Russia,60
920,Bonny McLellan,McLellan,bmclellanpj.@google.pl,Female,Portugal,523
920,Bonny,McLellan,bmclellanpj1@google.pl,Female,Portugal,523
920,Bonny McLellan,McLellan,bmclellanpj1@google.pl,Female,Portugal,523
922,Netta Shrieve,Shrieve,nshrievepl2@auda.org.au,Female,Canada,32
922,Netta Shrieve,Shrieve,nshrievepl4@auda.org.au,Female,Canada,32
922,Netta,Shrieve,nshrievepl5@auda.org.au,Female,Canada,32
931,Kirk Wingar,Wingar,kwingarpu6@sourceforge.net,Male,Luxembourg,76
932,Janifer,Ruddin,jruddinpv.@webnode.com,Female,Greece,467
936,Haily,Gonthard,hgonthardpz.@unblog.fr,Female,Poland,428
936,Haily,Gonthard,hgonthardpz4@unblog.fr,Female,Poland,428
936,Haily Gonthard,Gonthard,hgonthardpz3@unblog.fr,Female,Poland,428
943,Karylin Fey,Fey,kfeyq6-@homestead.com,Female,Brazil,599
943,Karylin,Fey,kfeyq64@homestead.com,Female,Brazil,599
946,Claudianus Dalling,Dalling,cdallingq95@jigsy.com,Male,Philippines,6201
946,Claudianus Dalling,Dalling,cdallingq9-@jigsy.com,Male,Philippines,6201
948,Moira,Beardmore,mbeardmoreqb1@example.com,Female,Indonesia,2
948,Moira Beardmore,Beardmore,mbeardmoreqb5@example.com,Female,Indonesia,2
948,Moira,Beardmore,mbeardmoreqb6@example.com,Female,Indonesia,2
954,Farley MacMenamie,MacMenamie,fmacmenamieqh.@rakuten.co.jp,Male,Sweden,8
954,Farley,MacMenamie,fmacmenamieqh1@rakuten.co.jp,Male,Sweden,8
954,Farley,MacMenamie,fmacmenamieqh5@rakuten.co.jp,Male,Sweden,8
956,Sander,Gloster,sglosterqj-@sciencedirect.com,Male,Portugal,646
964,Lowe Matisse,Matisse,lmatisseqr_@gravatar.com,Male,China,50
964,Lowe,Matisse,lmatisseqr.@gravatar.com,Male,China,50
964,Lowe Matisse,Matisse,lmatisseqr2@gravatar.com,Male,China,50
964,Lowe Matisse,Matisse,lmatisseqr2@gravatar.com,Male,China,50
971,Cathrin Beddall,Beddall,cbeddallqy5@sina.com.cn,Female,France,178
971,Cathrin,Beddall,cbeddallqy_@sina.com.cn,Female,France,178
971,Cathrin Beddall,Beddall,cbeddallqy.@sina.com.cn,Female,France,178
971,Cathrin Beddall,Beddall,cbeddallqy3@sina.com.cn,Female,France,178
974,Emlynn,Bentje,ebentjer1.@posterous.com,Female,Philippines,3635
974,Emlynn,Bentje,ebentjer1_@posterous.com,Female,Philippines,3635
974,Emlynn,Bentje,ebentjer13@posterous.com,Female,Philippines,3635
974,Emlynn Bentje,Bentje,ebentjer16@posterous.com,Female,Philippines,3635
975,Cassandry Baccup,Baccup,cbaccupr25@woothemes.com,Female,Burkina Faso,25
976,Clerc Beer,Beer,cbeerr34@fotki.com,Male,Portugal,6
976,Clerc Beer,Beer,cbeerr3-@fotki.com,Male,Portugal,6
976,Clerc,Beer,cbeerr31@fotki.com,Male,Portugal,6
976,Clerc,Beer,cbeerr36@fotki.com,Male,Portugal,6
980,Griffy Cousans,Cousans,gcousansr73@youku.com,Male,China,49
980,Griffy Cousans,Cousans,gcousansr75@youku.com,Male,China,49
980,Griffy,Cousans,gcousansr72@youku.com,Male,China,49
980,Griffy,Cousans,gcousansr75@youku.com,Male,China,49
989,Amalea,Jerman,ajermanrg4@google.es,Female,Tanzania,4123
989,Amalea,Jerman,ajermanrg2@google.es,Female,Tanzania,4123
989,Amalea,Jerman,ajermanrg5@google.es,Female,Tanzania,4123
